,Date,HomeTeam,AwayTeam,Day_Eve,Day Type,Holiday,Hol Type,Capacity,Average Travelling Fans,Cheapest Season T,Home League Position,Away League Position,Form Home,Form Away,Distance,Temperature,Weather Event,Lowest Home Ticket Price,Lowest Away Ticket Price,Home PostCode,Away PostCode,Attendance,Highest Home Ticket Price
0,05/08/2016,Fulham,Newcastle,E,1,?,0,25700,3140,254,0,0,0,0,249,20.2,?,25,24,?,?,23922.0,45
1,06/08/2016,Birmingham,Cardiff,D,0,?,0,30016,775,230,0,0,0,0,89,18.8,?,15,22,?,?,19833.0,40
2,06/08/2016,Blackburn,Norwich City,D,0,?,0,31367,1661,279,0,0,0,0,175,17.9,?,18,20,?,?,12641.0,35
3,06/08/2016,Bristol City,Wigan Athletic,D,0,?,0,21497,1284,299,0,0,0,0,145,19.1,?,25,20,?,?,17635.0,41
4,06/08/2016,Derby,Brighton & Hove Albion,D,0,?,0,33597,1611,319,0,0,0,0,154,19.3,?,17.6,25,?,?,28749.0,33
5,06/08/2016,Huddersfield,Brentford,D,0,?,0,24500,1062,179,0,10,0,0,162,18.9,?,15,20,?,?,18479.0,30
6,06/08/2016,Ipswich,Barnsley,D,0,?,0,30311,1177,417,0,0,0,0,151,19.1,?,30,23,?,?,17370.0,40
7,06/08/2016,Nottm Forest,Burton Albion,D,0,?,0,30602,594,369,0,0,0,0,22,21.2,?,18,20,?,?,23012.0,35
8,06/08/2016,Reading,Preston,D,0,?,0,24161,1437,325,0,0,0,0,178,20.5,?,20,24,?,?,15764.0,35
9,06/08/2016,Rotherham,Wolves,D,0,?,0,12021,1435,355,0,0,0,0,67,21.6,?,25,30,?,?,11291.0,27
10,07/08/2016,QPR,Leeds United,D,0,?,0,18439,2829,400,18,7,0,0,167,21.8,?,29,35,?,?,16764.0,38
11,07/08/2016,Sheffield Wednesday,Aston Villa,D,0,?,0,39732,3413,415,4,0,0,0,64,19.3,?,20,25,?,?,30060.0,49
12,12/08/2016,Brighton & Hove Albion,Nottm Forest,E,1,?,0,30750,1581,475,15,4,1,3,151,19.2,?,25,18,?,?,25748.0,42
13,13/08/2016,Aston Villa,Rotherham,D,0,?,0,42788,1026,325,19,11,0,1,67,19.1,?,20,23,?,?,33286.0,37
14,13/08/2016,Barnsley,Derby,D,0,?,0,23009,2137,270,22,12,0,1,44,17.8,?,25,17.6,?,?,15049.0,38
15,13/08/2016,Brentford,Ipswich,D,0,?,0,12300,1384,369,18,3,0,3,73,22.6,?,20,10,?,?,10089.0,35
16,13/08/2016,Burton Albion,Bristol City,D,0,?,0,6912,1233,255,16,5,0,3,105,18.4,?,20,25,?,?,4579.0,24
17,13/08/2016,Leeds United,Birmingham,D,0,?,0,37890,1841,398,24,13,0,1,91,16.5,?,30,15,?,?,27392.0,42
18,13/08/2016,Newcastle,Huddersfield,D,0,?,0,52404,1095,428,21,6,0,3,92,19.4,?,24,20,?,?,52079.0,37
19,13/08/2016,Norwich City,Sheffield Wednesday,D,0,?,0,26034,2521,499.5,1,9,3,3,129,19.8,?,20,20,?,?,26236.0,40
20,13/08/2016,Preston,Fulham,D,0,?,0,24500,982,360,20,7,0,3,190,17.0,?,24,20,?,?,10809.0,30
21,13/08/2016,Wigan Athletic,Blackburn,D,0,?,0,25133,1125,179,17,23,0,0,15,16.7,?,22,22,?,?,12216.0,30
22,13/08/2016,Wolves,Reading,D,0,?,0,30852,965,345,10,8,1,3,95,19.5,?,25,20,?,?,20425.0,30
23,14/08/2016,Cardiff,QPR,D,0,?,0,28000,1158,299,14,2,1,3,127,16.9,?,18,28,?,?,15869.0,34
24,16/08/2016,Aston Villa,Huddersfield,E,1,?,0,42788,1095,325,11,3,3,6,79,18.1,?,20,20,?,?,34924.0,37
25,16/08/2016,Brentford,Nottm Forest,E,1,?,0,12300,1581,369,12,16,3,3,106,18.1,?,20,18,?,?,10004.0,35
26,16/08/2016,Brighton & Hove Albion,Rotherham,E,1,?,0,30750,1026,475,6,19,4,1,186,20.8,?,25,23,?,?,25128.0,42
27,16/08/2016,Burton Albion,Sheffield Wednesday,E,1,?,0,6912,2521,255,20,9,0,4,41,18.2,?,20,20,?,?,4997.0,24
28,16/08/2016,Leeds United,Fulham,E,1,?,0,37890,982,398,23,4,0,6,169,15.7,?,30,20,?,?,21204.0,42
29,16/08/2016,Norwich City,Bristol City,E,1,?,0,26034,1233,499.5,5,2,4,6,187,16.8,?,20,25,?,?,26297.0,40
30,16/08/2016,Preston,Derby,E,1,?,0,24500,2137,360,21,17,0,1,79,18.7,?,24,17.6,?,?,10628.0,30
31,16/08/2016,Wigan Athletic,Birmingham,E,1,?,0,25133,1841,179,10,8,3,4,81,17.8,?,22,15,?,?,11182.0,30
32,16/08/2016,Wolves,Ipswich,E,1,?,0,30852,1384,345,7,14,4,3,145,18.9,?,25,10,?,?,19991.0,30
33,17/08/2016,Barnsley,QPR,E,1,?,0,23009,1158,270,13,1,3,6,151,17.7,?,25,28,?,?,11613.0,38
34,17/08/2016,Cardiff,Blackburn,E,1,?,0,28000,1125,299,18,24,1,0,158,19.1,?,18,22,?,?,14041.0,34
35,17/08/2016,Newcastle,Reading,E,1,?,0,52404,965,428,22,15,0,3,247,17.9,?,24,20,?,?,48209.0,37
36,20/08/2016,Birmingham,Wolves,D,0,?,0,30016,1435,230,10,9,5,5,15,16.8,?,15,30,?,?,18569.0,40
37,20/08/2016,Blackburn,Burton Albion,D,0,?,0,31367,594,279,24,18,0,3,72,15.9,?,18,20,?,?,10356.0,35
38,20/08/2016,Bristol City,Newcastle,D,0,?,0,21497,3140,299,8,17,6,3,248,16.1,?,25,24,?,?,22512.0,41
39,20/08/2016,Derby,Aston Villa,D,0,?,0,33597,3413,319,16,12,4,4,34,16.9,?,17.6,25,?,?,31205.0,33
40,20/08/2016,Fulham,Cardiff,D,0,?,0,25700,775,254,4,14,7,4,128,18.7,?,25,22,?,?,15401.0,45
41,20/08/2016,Huddersfield,Barnsley,D,0,?,0,24500,1177,179,3,7,7,6,14,15.6,?,15,23,?,?,20001.0,30
42,20/08/2016,Nottm Forest,Wigan Athletic,D,0,?,0,30602,1284,369,19,11,3,4,76,17.9,?,18,20,?,?,17750.0,35
43,20/08/2016,QPR,Preston,D,0,?,0,18439,1437,400,5,23,6,0,188,18.1,?,29,24,?,?,13307.0,38
44,20/08/2016,Reading,Brighton & Hove Albion,D,0,?,0,24161,1611,325,20,1,3,7,55,18.8,?,20,25,?,?,16781.0,35
45,20/08/2016,Rotherham,Brentford,D,0,?,0,12021,1062,355,22,6,1,6,141,18.2,?,25,20,?,?,8367.0,27
46,20/08/2016,Sheffield Wednesday,Leeds United,D,0,?,0,39732,2829,415,15,21,4,1,26,16.6,?,20,35,?,?,29075.0,49
47,21/08/2016,Ipswich,Norwich City,D,0,?,0,30311,1661,417,13,2,4,7,40,19.2,?,30,20,?,?,23350.0,40
48,26/08/2016,Burton Albion,Derby,E,1,?,0,6912,2137,255,18,16,4,5,10,18.1,?,20,17.6,?,?,6746.0,24
49,27/08/2016,Barnsley,Rotherham,D,0,?,0,23009,1026,270,9,22,6,4,10,15.0,?,25,23,?,?,15283.0,38
50,27/08/2016,Birmingham,Norwich City,D,0,?,0,30016,1661,230,14,4,5,8,134,16.0,?,15,20,?,?,16295.0,40
51,27/08/2016,Blackburn,Fulham,D,0,?,0,31367,982,279,24,5,1,8,183,16.2,?,18,20,?,?,10464.0,35
52,27/08/2016,Brentford,Sheffield Wednesday,D,0,?,0,12300,2521,369,8,20,6,4,142,21.2,?,20,20,?,?,9677.0,35
53,27/08/2016,Bristol City,Aston Villa,D,0,?,0,21497,3413,299,10,12,6,5,80,17.2,?,25,25,?,?,21099.0,41
54,27/08/2016,Cardiff,Reading,D,0,?,0,28000,965,299,15,21,5,4,95,16.4,?,18,20,?,?,15013.0,34
55,27/08/2016,Huddersfield,Wolves,D,0,?,0,24500,1435,179,1,3,10,8,75,13.8,?,15,30,?,?,19972.0,30
56,27/08/2016,Ipswich,Preston,D,0,?,0,30311,1437,417,13,23,5,3,200,18.9,?,30,24,?,?,15296.0,40
57,27/08/2016,Newcastle,Brighton & Hove Albion,D,0,?,0,52404,1611,428,7,2,6,8,292,17.9,?,24,25,?,?,49196.0,37
58,27/08/2016,Nottm Forest,Leeds United,D,0,?,0,30602,2829,369,11,19,6,4,61,15.7,?,18,35,?,?,20995.0,35
59,27/08/2016,Wigan Athletic,QPR,D,0,?,0,25133,1158,179,17,6,4,6,174,17.2,?,22,28,?,?,10606.0,30
60,09/09/2016,Reading,Ipswich,E,1,?,0,24161,1384,325,15,11,7,8,102,19.7,?,20,10,?,?,15146.0,35
61,10/09/2016,Brighton & Hove Albion,Brentford,D,0,?,0,30750,1062,475,8,14,8,7,44,19.3,?,25,20,?,?,26388.0,42
62,10/09/2016,Derby,Newcastle,D,0,?,0,33597,3140,319,18,4,5,9,143,15.3,?,17.6,24,?,?,30405.0,33
63,10/09/2016,Fulham,Birmingham,D,0,?,0,25700,1841,254,2,10,11,8,99,18.0,?,25,15,?,?,17603.0,45
64,10/09/2016,Leeds United,Huddersfield,D,0,?,0,37890,1095,398,21,1,4,13,12,16.2,?,30,20,?,?,28514.0,42
65,10/09/2016,Norwich City,Cardiff,D,0,?,0,26034,775,499.5,12,17,8,5,207,17.8,?,20,22,?,?,25519.0,40
66,10/09/2016,Preston,Barnsley,D,0,?,0,24500,1177,360,23,3,3,9,52,14.9,?,24,23,?,?,11852.0,30
67,10/09/2016,QPR,Blackburn,D,0,?,0,18439,1125,400,5,24,9,1,180,17.5,?,29,22,?,?,13210.0,38
68,10/09/2016,Rotherham,Bristol City,D,0,?,0,12021,1233,355,22,6,4,9,147,15.6,?,25,25,?,?,8559.0,27
69,10/09/2016,Sheffield Wednesday,Wigan Athletic,D,0,?,0,39732,1284,415,19,20,5,4,49,14.9,?,20,20,?,?,24860.0,49
70,10/09/2016,Wolves,Burton Albion,D,0,?,0,30852,594,345,9,13,8,7,28,15.2,?,25,20,?,?,22049.0,30
71,11/09/2016,Aston Villa,Nottm Forest,D,0,?,0,42788,1581,325,16,7,5,9,43,14.7,?,20,18,?,?,30619.0,37
72,13/09/2016,Brighton & Hove Albion,Huddersfield,E,1,?,0,30750,1095,475,13,1,8,16,206,27.0,?,25,20,?,?,24166.0,42
73,13/09/2016,Derby,Ipswich,E,1,?,0,33597,1384,319,19,15,5,8,125,22.3,?,17.6,10,?,?,26425.0,33
74,13/09/2016,Fulham,Burton Albion,E,1,?,0,25700,594,254,6,14,11,8,111,23.6,?,25,20,?,?,15288.0,45
75,13/09/2016,Leeds United,Blackburn,E,1,?,0,37890,1125,398,22,24,4,2,38,19.3,?,30,22,?,?,19009.0,42
76,13/09/2016,Norwich City,Wigan Athletic,E,1,?,0,26034,1284,499.5,5,21,11,4,177,24.9,?,20,20,?,?,25992.0,40
77,13/09/2016,Preston,Cardiff,E,1,?,0,24500,775,360,23,18,3,5,160,20.4,?,24,22,?,?,9216.0,30
78,13/09/2016,QPR,Newcastle,E,1,?,0,18439,3140,400,7,2,10,12,247,26.4,?,29,24,?,?,17404.0,38
79,13/09/2016,Reading,Birmingham,E,1,?,0,24161,1841,325,11,4,10,11,82,24.9,?,20,15,?,?,14602.0,35
80,13/09/2016,Sheffield Wednesday,Bristol City,E,1,?,0,39732,1233,415,16,9,8,10,144,21.9,?,20,25,?,?,24151.0,49
81,13/09/2016,Wolves,Barnsley,E,1,?,0,30852,1177,345,12,3,9,12,72,20.5,?,25,23,?,?,18668.0,30
82,14/09/2016,Aston Villa,Brentford,E,1,?,0,42788,1062,325,17,8,6,10,98,21.1,?,20,20,?,?,29752.0,37
83,14/09/2016,Rotherham,Nottm Forest,E,1,?,0,12021,1581,355,20,10,5,10,35,19.6,?,25,18,?,?,10243.0,27
84,17/09/2016,Barnsley,Reading,D,0,?,0,23009,965,270,3,12,15,8,149,16.6,?,25,20,?,?,12675.0,38
85,17/09/2016,Birmingham,Sheffield Wednesday,D,0,?,0,30016,2521,230,5,11,11,8,66,15.1,?,15,20,?,?,16786.0,40
86,17/09/2016,Blackburn,Rotherham,D,0,?,0,31367,1026,279,24,20,2,5,51,13.3,?,18,23,?,?,10699.0,35
87,17/09/2016,Brentford,Preston,D,0,?,0,12300,1437,369,8,19,11,6,187,14.5,?,20,24,?,?,9920.0,35
88,17/09/2016,Bristol City,Derby,D,0,?,0,21497,2137,299,13,21,7,4,114,16.0,?,25,17.6,?,?,19451.0,41
89,17/09/2016,Burton Albion,Brighton & Hove Albion,D,0,?,0,6912,1611,255,15,7,9,10,151,15.2,?,20,25,?,?,4756.0,24
90,17/09/2016,Cardiff,Leeds United,D,0,?,0,28000,2829,299,22,18,4,7,173,15.7,?,18,35,?,?,16608.0,34
91,17/09/2016,Huddersfield,QPR,D,0,?,0,24500,1158,179,1,14,13,7,162,16.9,?,15,28,?,?,20595.0,30
92,17/09/2016,Ipswich,Aston Villa,D,0,?,0,30311,3413,417,9,17,8,7,132,15.7,?,30,25,?,?,19249.0,40
93,17/09/2016,Newcastle,Wolves,D,0,?,0,52404,1435,428,2,16,15,8,166,17.3,?,24,30,?,?,52117.0,37
94,17/09/2016,Nottm Forest,Norwich City,D,0,?,0,30602,1661,369,10,4,8,11,105,14.9,?,18,20,?,?,20323.0,35
95,17/09/2016,Wigan Athletic,Fulham,D,0,?,0,25133,982,179,23,6,4,9,176,14.0,?,22,20,?,?,10582.0,30
96,23/09/2016,Preston,Wigan Athletic,E,1,?,0,24500,1284,360,19,22,6,2,16,14.1,?,24,20,?,?,13077.0,30
97,24/09/2016,Aston Villa,Newcastle,D,0,?,0,42788,3140,325,18,3,5,15,171,15.8,?,20,24,?,?,32062.0,37
98,24/09/2016,Brighton & Hove Albion,Barnsley,D,0,?,0,30750,1177,475,7,4,10,12,195,19.5,?,25,23,?,?,26018.0,42
99,24/09/2016,Derby,Blackburn,D,0,?,0,33597,1125,319,20,23,5,5,71,16.4,?,17.6,22,?,?,26602.0,33
100,24/09/2016,Fulham,Bristol City,D,0,?,0,25700,1233,254,9,12,7,5,104,17.7,?,25,25,?,?,20585.0,45
101,24/09/2016,Leeds United,Ipswich,D,0,?,0,37890,1384,398,15,11,10,9,165,14.8,?,30,10,?,?,22554.0,42
102,24/09/2016,Norwich City,Burton Albion,D,0,?,0,26034,594,499.5,2,17,13,9,124,16.7,?,20,20,?,?,26104.0,40
103,24/09/2016,QPR,Birmingham,D,0,?,0,18439,1841,400,16,5,4,11,97,17.8,?,29,15,?,?,13693.0,38
104,24/09/2016,Reading,Huddersfield,D,0,?,0,24161,1095,325,8,1,11,13,158,16.8,?,20,20,?,?,17030.0,35
105,24/09/2016,Rotherham,Cardiff,D,0,?,0,12021,775,355,21,24,5,4,155,16.7,?,25,22,?,?,8348.0,27
106,24/09/2016,Sheffield Wednesday,Nottm Forest,D,0,?,0,39732,1581,415,14,13,7,8,36,15.7,?,20,18,?,?,27350.0,49
107,24/09/2016,Wolves,Brentford,D,0,?,0,30852,1062,345,10,6,8,11,110,16.2,?,25,20,?,?,20637.0,30
108,27/09/2016,Barnsley,Aston Villa,E,1,?,0,23009,3413,270,7,17,9,5,74,15.0,?,25,25,?,?,15830.0,38
109,27/09/2016,Birmingham,Preston,E,1,?,0,30016,1437,230,6,19,11,9,96,15.8,?,15,24,?,?,15779.0,40
110,27/09/2016,Blackburn,Sheffield Wednesday,E,1,?,0,31367,2521,279,20,11,8,10,46,14.5,?,18,20,?,?,12844.0,35
111,27/09/2016,Brentford,Reading,E,1,?,0,12300,965,369,9,4,8,14,30,13.4,?,20,20,?,?,9679.0,35
112,27/09/2016,Bristol City,Leeds United,E,1,?,0,21497,2829,299,10,12,8,12,168,16.2,?,25,35,?,?,19699.0,41
113,27/09/2016,Burton Albion,QPR,E,1,?,0,6912,1158,255,18,16,6,5,109,16.0,?,20,28,?,?,3725.0,24
114,27/09/2016,Cardiff,Derby,E,1,?,0,28000,2137,299,21,22,4,2,123,16.1,?,18,17.6,?,?,14131.0,34
115,27/09/2016,Huddersfield,Rotherham,E,1,?,0,24500,1026,179,2,23,12,5,23,14.2,?,15,23,?,?,18808.0,30
116,27/09/2016,Ipswich,Brighton & Hove Albion,E,1,?,0,30311,1611,417,14,3,8,10,98,16.1,?,30,25,?,?,15228.0,40
117,27/09/2016,Nottm Forest,Fulham,E,1,?,0,30602,982,369,15,13,8,6,109,15.9,?,18,20,?,?,17388.0,35
118,27/09/2016,Wigan Athletic,Wolves,E,1,?,0,25133,1435,179,24,8,1,10,69,14.8,?,22,30,?,?,10723.0,30
119,28/09/2016,Newcastle,Norwich City,E,1,?,0,52404,1661,428,5,1,13,13,202,17.3,?,24,20,?,?,48236.0,37
120,01/10/2016,Birmingham,Blackburn,D,0,?,0,30016,1125,230,7,22,12,7,90,8.9,?,15,22,?,?,16781.0,40
121,01/10/2016,Brentford,Wigan Athletic,D,0,?,0,12300,1284,369,5,21,11,4,173,11.8,?,20,20,?,?,9547.0,35
122,01/10/2016,Bristol City,Nottm Forest,D,0,?,0,21497,1581,299,6,15,11,6,121,11.2,?,25,18,?,?,18922.0,41
123,01/10/2016,Burton Albion,Cardiff,D,0,?,0,6912,775,255,18,23,6,3,114,9.4,?,20,22,?,?,4426.0,24
124,01/10/2016,Fulham,QPR,D,0,?,0,25700,1158,254,12,16,6,6,2,12.7,?,25,28,?,?,19609.0,45
125,01/10/2016,Ipswich,Huddersfield,D,0,?,0,30311,1095,417,13,1,8,12,165,12.2,?,30,20,?,?,16146.0,40
126,01/10/2016,Leeds United,Barnsley,D,0,?,0,37890,1177,398,14,10,9,10,16,10.4,?,30,23,?,?,27350.0,42
127,01/10/2016,Preston,Aston Villa,D,0,?,0,24500,3413,360,19,17,7,5,94,11.1,?,24,25,?,?,17696.0,30
128,01/10/2016,Reading,Derby,D,0,?,0,24161,2137,325,9,20,13,4,105,10.9,?,20,17.6,?,?,17002.0,35
129,01/10/2016,Rotherham,Newcastle,D,0,?,0,12021,3140,355,24,3,2,13,108,7.1,?,25,24,?,?,11653.0,27
130,01/10/2016,Sheffield Wednesday,Brighton & Hove Albion,D,0,?,0,39732,1611,415,8,4,13,10,186,9.7,?,20,25,?,?,25605.0,49
131,01/10/2016,Wolves,Norwich City,D,0,?,0,30852,1661,345,11,2,7,12,146,10.8,?,25,20,?,?,18793.0,30
132,14/10/2016,Cardiff,Bristol City,E,1,?,0,28000,1233,299,23,5,3,11,24,10.4,?,18,25,?,?,22776.0,34
133,14/10/2016,Nottm Forest,Birmingham,E,1,?,0,30602,1841,369,18,6,3,12,44,11.1,?,18,15,?,?,19208.0,35
134,15/10/2016,Aston Villa,Wolves,D,0,?,0,42788,1435,325,19,12,5,7,13,11.5,?,20,30,?,?,32533.0,37
135,15/10/2016,Barnsley,Fulham,D,0,?,0,23009,982,270,10,14,7,3,153,10.7,?,25,20,?,?,11974.0,38
136,15/10/2016,Blackburn,Ipswich,D,0,?,0,31367,1384,279,22,16,7,5,191,11.1,?,18,10,?,?,10820.0,35
137,15/10/2016,Brighton & Hove Albion,Preston,D,0,?,0,30750,1437,475,4,17,13,10,230,14.4,?,25,24,?,?,27606.0,42
138,15/10/2016,Derby,Leeds United,D,0,?,0,33597,2829,319,20,11,5,12,60,11.6,?,17.6,35,?,?,31170.0,33
139,15/10/2016,Newcastle,Brentford,D,0,?,0,52404,1062,428,3,7,13,11,247,11.8,?,24,20,?,?,51885.0,37
140,15/10/2016,Norwich City,Rotherham,D,0,?,0,26034,1026,499.5,2,24,15,2,125,13.4,?,20,23,?,?,26813.0,40
141,15/10/2016,QPR,Reading,D,0,?,0,18439,965,400,13,8,6,11,33,13.1,?,29,20,?,?,15048.0,38
142,15/10/2016,Wigan Athletic,Burton Albion,D,0,?,0,25133,594,179,21,15,5,6,66,12.3,?,22,20,?,?,10430.0,30
143,16/10/2016,Huddersfield,Sheffield Wednesday,D,0,?,0,24500,2521,179,1,9,12,12,20,10.2,?,15,20,?,?,22368.0,30
144,18/10/2016,Barnsley,Newcastle,E,1,?,0,23009,3140,270,11,2,4,13,99,9.9,?,25,24,?,?,18597.0,38
145,18/10/2016,Birmingham,Rotherham,E,1,?,0,30016,1026,230,6,24,9,1,69,10.8,?,15,23,?,?,16404.0,40
146,18/10/2016,Blackburn,Nottm Forest,E,1,?,0,31367,1581,279,23,15,7,5,78,9.8,?,18,18,?,?,10462.0,35
147,18/10/2016,Brighton & Hove Albion,Wolves,E,1,?,0,30750,1435,475,4,12,14,7,149,12.6,?,25,30,?,?,25231.0,42
148,18/10/2016,Derby,Brentford,E,1,?,0,33597,1062,319,19,9,8,8,110,10.3,?,17.6,20,?,?,26707.0,33
149,18/10/2016,Fulham,Norwich City,E,1,?,0,25700,1661,254,10,1,6,15,103,11.3,?,25,20,?,?,17082.0,45
150,18/10/2016,Ipswich,Burton Albion,E,1,?,0,30311,594,417,17,16,6,6,129,9.9,?,30,20,?,?,15816.0,40
151,18/10/2016,Leeds United,Wigan Athletic,E,1,?,0,37890,1284,398,13,22,12,6,48,9.4,?,30,20,?,?,19861.0,42
152,18/10/2016,QPR,Bristol City,E,1,?,0,18439,1233,400,14,5,6,10,103,11.7,?,29,25,?,?,12552.0,38
153,18/10/2016,Reading,Aston Villa,E,1,?,0,24161,3413,325,8,20,9,5,84,8.1,?,20,25,?,?,20331.0,35
154,19/10/2016,Cardiff,Sheffield Wednesday,E,1,?,0,28000,2521,299,21,7,6,12,151,10.0,?,18,20,?,?,15887.0,34
155,19/10/2016,Preston,Huddersfield,E,1,?,0,24500,1095,360,18,3,11,9,39,10.9,?,24,20,?,?,12862.0,30
156,21/10/2016,Burton Albion,Birmingham,E,1,?,0,6912,1841,255,19,5,5,11,26,8.8,?,20,15,?,?,5818.0,24
157,22/10/2016,Aston Villa,Fulham,D,0,?,0,42788,982,325,18,11,7,6,101,8.4,?,20,20,?,?,32201.0,37
158,22/10/2016,Brentford,Barnsley,D,0,?,0,12300,1177,369,8,15,8,1,151,9.6,?,20,23,?,?,10417.0,35
159,22/10/2016,Bristol City,Blackburn,D,0,?,0,21497,1125,299,7,21,10,10,158,8.2,?,25,22,?,?,21452.0,41
160,22/10/2016,Huddersfield,Derby,D,0,?,0,24500,2137,179,4,20,9,9,53,7.8,?,15,17.6,?,?,19749.0,30
161,22/10/2016,Newcastle,Ipswich,D,0,?,0,52404,1384,428,1,12,13,6,232,8.6,?,24,10,?,?,51963.0,37
162,22/10/2016,Norwich City,Preston,D,0,?,0,26034,1437,499.5,2,13,13,11,184,10.4,?,20,24,?,?,26239.0,40
163,22/10/2016,Nottm Forest,Cardiff,D,0,?,0,30602,775,369,17,22,4,7,133,9.1,?,18,22,?,?,16539.0,35
164,22/10/2016,Rotherham,Reading,D,0,?,0,12021,965,355,24,10,0,8,140,-17.8,?,25,20,?,?,8800.0,27
165,22/10/2016,Sheffield Wednesday,QPR,D,0,?,0,39732,1158,415,6,9,10,9,142,8.9,?,20,28,?,?,25903.0,49
166,22/10/2016,Wigan Athletic,Brighton & Hove Albion,D,0,?,0,25133,1611,179,23,3,7,14,215,8.6,?,22,25,?,?,10430.0,30
167,22/10/2016,Wolves,Leeds United,D,0,?,0,30852,2829,345,16,14,7,10,86,8.4,?,25,35,?,?,23607.0,30
168,28/10/2016,QPR,Brentford,E,1,?,0,18439,1062,400,13,11,9,5,3,14.7,?,29,20,?,?,16888.0,38
169,29/10/2016,Barnsley,Bristol City,D,0,?,0,23009,1233,270,12,6,4,12,154,13.7,?,25,25,?,?,11869.0,38
170,29/10/2016,Blackburn,Wolves,D,0,?,0,31367,1435,279,22,18,7,4,80,12.6,?,18,30,?,?,10652.0,35
171,29/10/2016,Brighton & Hove Albion,Norwich City,D,0,?,0,30750,1661,475,2,4,14,10,136,14.4,?,25,20,?,?,29469.0,42
172,29/10/2016,Cardiff,Wigan Athletic,D,0,?,0,28000,1284,299,20,23,10,6,144,12.6,?,18,20,?,?,15969.0,34
173,29/10/2016,Derby,Sheffield Wednesday,D,0,?,0,33597,2521,319,21,5,8,13,34,13.8,?,17.6,20,?,?,30064.0,33
174,29/10/2016,Fulham,Huddersfield,D,0,?,0,25700,1095,254,14,3,5,9,164,14.4,?,25,20,?,?,19858.0,45
175,29/10/2016,Ipswich,Rotherham,D,0,?,0,30311,1026,417,17,24,5,0,142,13.7,?,30,23,?,?,15247.0,40
176,29/10/2016,Leeds United,Burton Albion,D,0,?,0,37890,594,398,10,15,10,8,66,13.2,?,30,20,?,?,24220.0,42
177,29/10/2016,Preston,Newcastle,D,0,?,0,24500,3140,360,9,1,14,16,94,13.0,?,24,24,?,?,20724.0,30
178,29/10/2016,Reading,Nottm Forest,D,0,?,0,24161,1581,325,8,19,8,4,105,13.4,?,20,18,?,?,17093.0,35
179,30/10/2016,Birmingham,Aston Villa,D,0,?,0,30016,3413,230,7,16,8,9,2,12.3,?,15,25,?,?,29656.0,40
180,04/11/2016,Brentford,Fulham,E,1,?,0,12300,982,369,10,11,8,8,4,8.1,?,20,20,?,?,12052.0,35
181,05/11/2016,Aston Villa,Blackburn,D,0,?,0,42788,1125,325,15,23,9,5,88,5.8,?,20,22,?,?,29712.0,37
182,05/11/2016,Bristol City,Brighton & Hove Albion,D,0,?,0,21497,1611,299,6,2,10,14,118,1.6,?,25,25,?,?,19096.0,41
183,05/11/2016,Burton Albion,Barnsley,D,0,?,0,6912,1177,255,18,12,8,5,51,6.0,?,20,23,?,?,4913.0,24
184,05/11/2016,Huddersfield,Birmingham,D,0,?,0,24500,1841,179,3,7,9,8,81,3.7,?,15,15,?,?,20200.0,30
185,05/11/2016,Newcastle,Cardiff,D,0,?,0,52404,775,428,1,21,18,7,250,5.3,?,24,22,?,?,51257.0,37
186,05/11/2016,Norwich City,Leeds United,D,0,?,0,26034,2829,499.5,4,9,7,10,144,5.2,?,20,35,?,?,26903.0,40
187,05/11/2016,Nottm Forest,QPR,D,0,?,0,30602,1158,369,20,14,4,8,106,6.1,?,18,28,?,?,20043.0,35
188,05/11/2016,Rotherham,Preston,D,0,?,0,12021,1437,355,24,13,1,11,60,-17.8,?,25,24,?,?,10013.0,27
189,05/11/2016,Sheffield Wednesday,Ipswich,D,0,?,0,39732,1384,415,8,16,10,6,145,6.1,?,20,10,?,?,25851.0,49
190,05/11/2016,Wigan Athletic,Reading,D,0,?,0,25133,965,179,22,5,9,8,163,5.7,?,22,20,?,?,10277.0,30
191,05/11/2016,Wolves,Derby,D,0,?,0,30852,2137,345,17,19,2,11,37,5.9,?,25,17.6,?,?,19858.0,30
192,18/11/2016,Brighton & Hove Albion,Aston Villa,E,1,?,0,30750,3413,475,2,14,16,11,138,13.2,?,25,25,?,?,30107.0,42
193,19/11/2016,Barnsley,Wigan Athletic,D,0,?,0,23009,1284,270,13,22,5,6,49,5.5,?,25,20,?,?,12181.0,38
194,19/11/2016,Birmingham,Bristol City,D,0,?,0,30016,1233,230,7,9,8,7,79,4.5,?,15,25,?,?,18586.0,40
195,19/11/2016,Blackburn,Brentford,D,0,?,0,31367,1062,279,23,12,5,5,180,2.9,?,18,20,?,?,10506.0,35
196,19/11/2016,Cardiff,Huddersfield,D,0,?,0,28000,1095,299,21,3,7,7,161,3.1,?,18,20,?,?,15930.0,34
197,19/11/2016,Derby,Rotherham,D,0,?,0,33597,1026,319,16,24,11,1,36,4.4,?,17.6,23,?,?,28191.0,33
198,19/11/2016,Fulham,Sheffield Wednesday,D,0,?,0,25700,2521,254,8,10,10,7,144,5.4,?,25,20,?,?,20255.0,45
199,19/11/2016,Ipswich,Nottm Forest,D,0,?,0,30311,1581,417,15,20,8,4,114,4.6,?,30,18,?,?,15417.0,40
200,19/11/2016,Preston,Wolves,D,0,?,0,24500,1435,360,11,19,13,2,85,3.2,?,24,30,?,?,12683.0,30
201,19/11/2016,QPR,Norwich City,D,0,?,0,18439,1661,400,17,5,8,7,101,5.2,?,29,20,?,?,17187.0,38
202,19/11/2016,Reading,Burton Albion,D,0,?,0,24161,594,325,4,18,11,8,101,4.6,?,20,20,?,?,15545.0,35
203,20/11/2016,Leeds United,Newcastle,D,0,?,0,37890,3140,398,6,1,13,18,83,3.3,?,30,24,?,?,36002.0,42
204,25/11/2016,Barnsley,Nottm Forest,E,1,?,0,23009,1581,270,15,18,6,7,44,6.2,?,25,18,?,?,13180.0,38
205,26/11/2016,Aston Villa,Cardiff,D,0,?,0,42788,775,325,16,21,12,10,90,4.8,?,20,22,?,?,31484.0,37
206,26/11/2016,Brentford,Birmingham,D,0,?,0,12300,1841,369,14,5,4,8,96,9.1,?,20,15,?,?,10925.0,35
207,26/11/2016,Brighton & Hove Albion,Fulham,D,0,?,0,30750,982,475,2,8,14,11,43,7.3,?,25,20,?,?,29445.0,42
208,26/11/2016,Derby,Norwich City,D,0,?,0,33597,1661,319,12,6,13,4,117,3.6,?,17.6,20,?,?,29311.0,33
209,26/11/2016,Ipswich,QPR,D,0,?,0,30311,1158,417,17,13,8,8,70,5.4,?,30,28,?,?,16510.0,40
210,26/11/2016,Newcastle,Blackburn,D,0,?,0,52404,1125,428,1,22,18,8,93,1.6,?,24,22,?,?,52092.0,37
211,26/11/2016,Preston,Burton Albion,D,0,?,0,24500,594,360,11,20,11,5,79,1.1,?,24,20,?,?,10696.0,30
212,26/11/2016,Reading,Bristol City,D,0,?,0,24161,1233,325,3,10,13,4,71,7.3,?,20,25,?,?,18778.0,35
213,26/11/2016,Rotherham,Leeds United,D,0,?,0,12021,2829,355,24,7,1,10,26,7.3,?,25,35,?,?,10513.0,27
214,26/11/2016,Wolves,Sheffield Wednesday,D,0,?,0,30852,2521,345,19,9,3,8,63,5.1,?,25,20,?,?,27293.0,30
215,28/11/2016,Huddersfield,Wigan Athletic,E,1,?,0,24500,1284,179,4,23,4,6,37,2.9,?,15,20,?,?,18943.0,30
216,01/12/2016,QPR,Wolves,E,1,?,0,18439,1435,400,15,21,7,2,111,3.6,?,29,30,?,?,12222.0,38
217,02/12/2016,Nottm Forest,Newcastle,E,1,?,0,30602,3140,369,17,1,7,15,142,6.0,?,18,24,?,?,21317.0,35
218,03/12/2016,Birmingham,Barnsley,D,0,?,0,30016,1177,230,4,18,11,6,76,3.8,?,15,23,?,?,17072.0,40
219,03/12/2016,Blackburn,Huddersfield,D,0,?,0,31367,1095,279,20,6,10,4,30,4.9,?,18,20,?,?,12034.0,35
220,03/12/2016,Bristol City,Ipswich,D,0,?,0,21497,1384,299,13,14,4,10,167,4.4,?,25,10,?,?,18309.0,41
221,03/12/2016,Burton Albion,Rotherham,D,0,?,0,6912,1026,255,19,24,5,1,43,5.7,?,20,23,?,?,4446.0,24
222,03/12/2016,Cardiff,Brighton & Hove Albion,D,0,?,0,28000,1611,299,23,2,7,16,141,5.9,?,18,25,?,?,16168.0,34
223,03/12/2016,Fulham,Reading,D,0,?,0,25700,965,254,10,3,8,15,33,7.5,?,25,20,?,?,18217.0,45
224,03/12/2016,Leeds United,Aston Villa,D,0,?,0,37890,3413,398,5,11,13,14,89,6.3,?,30,25,?,?,32648.0,42
225,03/12/2016,Norwich City,Brentford,D,0,?,0,26034,1062,499.5,8,16,1,4,104,6.2,?,20,20,?,?,26076.0,40
226,03/12/2016,Sheffield Wednesday,Preston,D,0,?,0,39732,1437,415,7,12,8,11,55,4.8,?,20,24,?,?,24843.0,49
227,03/12/2016,Wigan Athletic,Derby,D,0,?,0,25133,2137,179,22,9,8,13,66,4.4,?,22,17.6,?,?,12526.0,30
228,09/12/2016,Brighton & Hove Albion,Leeds United,E,1,?,0,30750,2829,475,2,4,14,15,211,12.4,?,25,35,?,?,28206.0,42
229,10/12/2016,Aston Villa,Wigan Athletic,D,0,?,0,42788,1284,325,15,23,11,7,78,9.0,?,20,20,?,?,29392.0,37
230,10/12/2016,Barnsley,Norwich City,D,0,?,0,23009,1661,270,12,7,9,3,132,10.2,?,25,20,?,?,12306.0,38
231,10/12/2016,Brentford,Burton Albion,D,0,?,0,12300,594,369,18,19,3,8,108,12.7,?,20,20,?,?,9035.0,35
232,10/12/2016,Huddersfield,Bristol City,D,0,?,0,24500,1233,179,8,11,5,7,157,8.5,?,15,25,?,?,18333.0,30
233,10/12/2016,Ipswich,Cardiff,D,0,?,0,30311,775,417,16,22,7,7,190,9.6,?,30,22,?,?,15042.0,40
234,10/12/2016,Newcastle,Birmingham,D,0,?,0,52404,1841,428,1,5,12,8,173,8.2,?,24,15,?,?,52145.0,37
235,10/12/2016,Preston,Blackburn,D,0,?,0,24500,1125,360,14,21,8,8,9,9.2,?,24,22,?,?,14527.0,30
236,10/12/2016,Reading,Sheffield Wednesday,D,0,?,0,24161,2521,325,3,6,15,10,139,7.3,?,20,20,?,?,18153.0,35
237,10/12/2016,Rotherham,QPR,D,0,?,0,12021,1158,355,24,17,1,4,141,10.7,?,25,28,?,?,8704.0,27
238,10/12/2016,Wolves,Fulham,D,0,?,0,30852,982,345,20,10,5,10,113,9.2,?,25,20,?,?,19020.0,30
239,11/12/2016,Derby,Nottm Forest,D,0,?,0,33597,1581,319,9,13,15,10,13,7.3,?,17.6,18,?,?,32600.0,33
240,13/12/2016,Birmingham,Ipswich,E,1,?,0,30016,1384,230,8,17,8,8,131,8.2,?,15,10,?,?,15212.0,40
241,13/12/2016,Blackburn,Brighton & Hove Albion,E,1,?,0,31367,1611,279,21,2,8,14,223,9.8,?,18,25,?,?,9976.0,35
242,13/12/2016,Bristol City,Brentford,E,1,?,0,21497,1062,299,14,15,4,6,100,10.9,?,25,20,?,?,16444.0,41
243,13/12/2016,Burton Albion,Huddersfield,E,1,?,0,6912,1095,255,20,4,5,5,58,9.3,?,20,20,?,?,4564.0,24
244,13/12/2016,Cardiff,Wolves,E,1,?,0,28000,1435,299,22,19,5,6,88,9.1,?,18,30,?,?,14853.0,34
245,13/12/2016,Fulham,Rotherham,E,1,?,0,25700,1026,254,10,24,11,4,143,10.7,?,25,23,?,?,13735.0,45
246,13/12/2016,Leeds United,Reading,E,1,?,0,37890,965,398,6,3,12,15,165,8.6,?,30,20,?,?,21242.0,42
247,13/12/2016,Norwich City,Aston Villa,E,1,?,0,26034,3413,499.5,9,13,3,11,135,9.2,?,20,25,?,?,26044.0,40
248,13/12/2016,Sheffield Wednesday,Barnsley,E,1,?,0,39732,1177,415,7,11,7,9,10,9.7,?,20,23,?,?,27248.0,49
249,14/12/2016,Nottm Forest,Preston,E,1,?,0,30602,1437,369,16,12,10,8,86,8.2,?,18,24,?,?,15864.0,35
250,14/12/2016,QPR,Derby,E,1,?,0,18439,2137,400,18,5,4,18,110,11.1,?,29,17.6,?,?,12371.0,38
251,14/12/2016,Wigan Athletic,Newcastle,E,1,?,0,25133,3140,179,23,1,7,12,108,8.6,?,22,24,?,?,14562.0,30
252,16/12/2016,Norwich City,Huddersfield,E,1,?,0,26034,1095,499.5,9,4,6,8,147,7.7,?,20,20,?,?,25275.0,40
253,17/12/2016,Birmingham,Brighton & Hove Albion,D,0,?,0,30016,1611,230,8,2,10,14,136,7.1,?,15,25,?,?,17287.0,40
254,17/12/2016,Blackburn,Reading,D,0,?,0,31367,965,279,22,3,7,12,172,6.1,?,18,20,?,?,10982.0,35
255,17/12/2016,Bristol City,Preston,D,0,?,0,21497,1437,299,15,11,3,9,161,6.7,?,25,24,?,?,18619.0,41
256,17/12/2016,Burton Albion,Newcastle,D,0,?,0,6912,3140,255,21,1,5,12,149,7.9,?,20,24,?,?,6665.0,24
257,17/12/2016,Cardiff,Barnsley,D,0,?,0,28000,1177,299,19,12,8,8,160,6.7,?,18,23,?,?,14754.0,34
258,17/12/2016,Fulham,Derby,D,0,?,0,25700,2137,254,10,5,11,18,112,7.6,?,25,17.6,?,?,18748.0,45
259,17/12/2016,Leeds United,Brentford,D,0,?,0,37890,1062,398,6,14,12,6,167,6.4,?,30,20,?,?,25134.0,42
260,17/12/2016,Nottm Forest,Wolves,D,0,?,0,30602,1435,369,16,20,11,5,49,6.3,?,18,30,?,?,19037.0,35
261,17/12/2016,Sheffield Wednesday,Rotherham,D,0,?,0,39732,1026,415,7,24,10,3,6,5.7,?,20,23,?,?,27242.0,49
262,17/12/2016,Wigan Athletic,Ipswich,D,0,?,0,25133,1384,179,23,17,4,7,190,4.9,?,22,10,?,?,10071.0,30
263,18/12/2016,QPR,Aston Villa,D,0,?,0,18439,3413,400,18,13,4,10,99,7.6,?,29,25,?,?,16285.0,38
264,26/12/2016,Aston Villa,Burton Albion,E,1,?,1,42788,594,325,13,21,10,4,24,5.6,?,20,20,?,?,41337.0,37
265,26/12/2016,Barnsley,Blackburn,E,1,?,1,23009,1125,270,12,22,10,7,44,6.3,?,25,22,?,?,14192.0,38
266,26/12/2016,Brentford,Cardiff,E,1,?,1,12300,775,369,14,20,6,8,124,7.5,?,20,22,?,?,11098.0,35
267,26/12/2016,Huddersfield,Nottm Forest,E,1,?,1,24500,1581,179,4,17,10,10,56,4.9,?,15,18,?,?,22100.0,30
268,26/12/2016,Ipswich,Fulham,E,1,?,1,30311,982,417,15,9,7,9,71,7.4,?,30,20,?,?,19723.0,40
269,26/12/2016,Newcastle,Sheffield Wednesday,E,1,?,1,52404,2521,428,1,6,12,13,108,5.2,?,24,20,?,?,52179.0,37
270,26/12/2016,Preston,Leeds United,E,1,?,1,24500,2829,360,11,5,9,12,46,7.2,?,24,35,?,?,21255.0,30
271,26/12/2016,Reading,Norwich City,E,1,?,1,24161,1661,325,3,10,12,6,128,7.3,?,20,20,?,?,21180.0,35
272,26/12/2016,Rotherham,Wigan Athletic,E,1,?,1,12021,1284,355,24,23,3,4,54,7.8,?,25,20,?,?,10158.0,27
273,26/12/2016,Wolves,Bristol City,E,1,?,1,30852,1233,345,18,16,8,3,82,6.2,?,25,25,?,?,24669.0,30
274,27/12/2016,Brighton & Hove Albion,QPR,E,1,?,1,30750,1158,475,2,19,14,3,45,6.2,?,25,28,?,?,30176.0,42
275,27/12/2016,Derby,Birmingham,E,1,?,1,33597,1841,319,7,8,16,9,35,1.8,?,17.6,15,?,?,32616.0,33
276,29/12/2016,Aston Villa,Leeds United,E,1,?,0,42788,2829,325,10,5,12,15,89,1.9,?,20,35,?,?,37078.0,37
277,29/12/2016,Rotherham,Burton Albion,E,1,?,0,12021,594,355,24,21,6,4,43,5.7,?,25,20,?,?,9806.0,27
278,30/12/2016,Ipswich,Bristol City,E,1,?,0,30311,1233,417,16,17,7,3,167,1.3,?,30,25,?,?,15640.0,40
279,30/12/2016,Newcastle,Nottm Forest,E,1,?,0,52404,1581,428,2,18,9,7,142,8.7,?,24,18,?,?,52228.0,37
280,31/12/2016,Barnsley,Birmingham,D,0,?,0,23009,1841,270,9,11,12,6,76,9.6,?,25,15,?,?,13397.0,38
281,31/12/2016,Brentford,Norwich City,D,0,?,0,12300,1661,369,14,12,7,6,104,6.8,?,20,20,?,?,9377.0,35
282,31/12/2016,Derby,Wigan Athletic,D,0,?,0,33597,1284,319,7,23,16,3,66,7.9,?,17.6,20,?,?,28289.0,33
283,31/12/2016,Huddersfield,Blackburn,D,0,?,0,24500,1125,179,4,22,13,4,30,8.1,?,15,22,?,?,21311.0,30
284,31/12/2016,Preston,Sheffield Wednesday,D,0,?,0,24500,2521,360,13,6,8,15,55,9.3,?,24,20,?,?,14802.0,30
285,31/12/2016,Wolves,QPR,D,0,?,0,30852,1158,345,15,20,10,0,111,6.5,?,25,28,?,?,21132.0,30
286,02/01/2017,Birmingham,Brentford,E,1,?,0,30016,1062,230,11,15,4,8,96,1.9,?,15,20,?,?,18030.0,40
287,02/01/2017,Blackburn,Newcastle,E,1,?,0,31367,3140,279,22,2,2,12,93,1.6,?,18,24,?,?,18524.0,35
288,02/01/2017,Bristol City,Reading,E,1,?,0,21497,965,299,17,3,3,12,71,2.1,?,25,20,?,?,20074.0,41
289,02/01/2017,Burton Albion,Preston,E,1,?,0,6912,1437,255,20,13,6,8,79,2.4,?,20,24,?,?,5144.0,24
290,02/01/2017,Cardiff,Aston Villa,E,1,?,0,28000,3413,299,21,10,6,12,90,2.7,?,18,25,?,?,21391.0,34
291,02/01/2017,Fulham,Brighton & Hove Albion,E,1,?,0,25700,1611,254,8,1,11,16,43,3.4,?,25,25,?,?,24300.0,45
292,02/01/2017,Leeds United,Rotherham,E,1,?,0,37890,1026,398,5,24,13,6,26,1.9,?,30,23,?,?,33397.0,42
293,02/01/2017,Norwich City,Derby,E,1,?,0,26034,2137,499.5,12,7,7,14,117,3.1,?,20,17.6,?,?,26422.0,40
294,02/01/2017,Nottm Forest,Barnsley,E,1,?,0,30602,1177,369,18,9,4,13,44,2.6,?,18,23,?,?,22105.0,35
295,02/01/2017,QPR,Ipswich,E,1,?,0,18439,1384,400,19,14,3,7,70,4.3,?,29,10,?,?,15136.0,38
296,02/01/2017,Sheffield Wednesday,Wolves,E,1,?,0,39732,1435,415,6,16,13,10,63,2.3,?,20,30,?,?,30549.0,49
297,02/01/2017,Wigan Athletic,Huddersfield,E,1,?,0,25133,1095,179,23,4,1,14,37,2.5,?,22,20,?,?,13480.0,30
298,12/01/2017,Reading,QPR,E,1,?,0,24161,1158,325,3,17,12,3,33,3.4,?,20,28,?,?,12655.0,35
299,13/01/2017,Leeds United,Derby,E,1,?,0,37890,2137,398,5,7,13,11,60,2.0,?,30,17.6,?,?,25546.0,42
300,14/01/2017,Birmingham,Nottm Forest,D,0,?,0,30016,1581,230,13,20,4,1,44,1.8,?,15,18,?,?,18041.0,40
301,14/01/2017,Brentford,Newcastle,D,0,?,0,12300,3140,369,14,2,11,12,247,8.2,?,20,24,?,?,11435.0,35
302,14/01/2017,Bristol City,Cardiff,D,0,?,0,21497,775,299,18,19,0,11,24,4.6,?,25,22,?,?,19452.0,41
303,14/01/2017,Burton Albion,Wigan Athletic,D,0,?,0,6912,1284,255,21,23,3,1,66,3.7,?,20,20,?,?,4411.0,24
304,14/01/2017,Fulham,Barnsley,D,0,?,0,25700,1177,254,10,8,11,13,153,3.0,?,25,23,?,?,18010.0,45
305,14/01/2017,Ipswich,Blackburn,D,0,?,0,30311,1125,417,15,22,7,4,191,1.7,?,30,22,?,?,15006.0,40
306,14/01/2017,Preston,Brighton & Hove Albion,D,0,?,0,24500,1611,360,11,1,11,15,230,4.3,?,24,25,?,?,11391.0,30
307,14/01/2017,Rotherham,Norwich City,D,0,?,0,12021,1661,355,24,9,6,7,125,4.8,?,25,20,?,?,10000.0,27
308,14/01/2017,Sheffield Wednesday,Huddersfield,D,0,?,0,39732,1095,415,6,4,11,16,20,3.8,?,20,20,?,?,28173.0,49
309,14/01/2017,Wolves,Aston Villa,D,0,?,0,30852,3413,345,16,12,8,10,13,3.2,?,25,25,?,?,27255.0,30
310,20/01/2017,Brighton & Hove Albion,Sheffield Wednesday,E,1,?,0,30750,2521,475,1,6,15,11,186,3.7,?,25,20,?,?,27162.0,42
311,21/01/2017,Aston Villa,Preston,D,0,?,0,42788,1437,325,13,9,7,11,94,0.7,?,20,24,?,?,32415.0,37
312,21/01/2017,Barnsley,Leeds United,D,0,?,0,23009,2829,270,10,4,10,16,16,5.6,?,25,35,?,?,17817.0,38
313,21/01/2017,Blackburn,Birmingham,D,0,?,0,31367,1841,279,22,12,4,5,90,3.1,?,18,15,?,?,12035.0,35
314,21/01/2017,Cardiff,Burton Albion,D,0,?,0,28000,594,299,18,21,11,3,114,1.6,?,18,20,?,?,15547.0,34
315,21/01/2017,Derby,Reading,D,0,?,0,33597,965,319,7,3,8,9,105,2.3,?,17.6,20,?,?,28393.0,33
316,21/01/2017,Huddersfield,Ipswich,D,0,?,0,24500,1384,179,5,14,13,9,165,2.2,?,15,10,?,?,19113.0,30
317,21/01/2017,Newcastle,Rotherham,D,0,?,0,52404,1026,428,2,24,12,6,108,2.6,?,24,23,?,?,52208.0,37
318,21/01/2017,Norwich City,Wolves,D,0,?,0,26034,1435,499.5,11,16,7,10,146,1.8,?,20,30,?,?,26303.0,40
319,21/01/2017,Nottm Forest,Bristol City,D,0,?,0,30602,1233,369,20,19,2,0,121,1.5,?,18,25,?,?,17418.0,35
320,21/01/2017,QPR,Fulham,D,0,?,0,18439,982,400,17,8,9,11,2,3.6,?,29,20,?,?,17025.0,38
321,21/01/2017,Wigan Athletic,Brentford,D,0,?,0,25133,1062,179,23,15,4,8,173,2.2,?,22,20,?,?,10244.0,30
322,24/01/2017,Brighton & Hove Albion,Cardiff,E,1,?,0,30750,775,475,1,19,15,13,141,5.1,?,25,22,?,?,26688.0,42
323,24/01/2017,Reading,Fulham,E,1,?,0,24161,982,325,3,8,9,11,33,3.8,?,20,20,?,?,16012.0,35
324,25/01/2017,Leeds United,Nottm Forest,E,1,?,0,37890,1581,398,5,19,13,4,61,4.2,?,30,18,?,?,24838.0,42
325,28/01/2017,Norwich City,Birmingham,D,0,?,0,26034,1841,499.5,10,12,7,3,134,6.7,?,20,15,?,?,25678.0,40
326,28/01/2017,Preston,Ipswich,D,0,?,0,24500,1384,360,11,14,11,9,200,4.3,?,24,10,?,?,10656.0,30
327,28/01/2017,QPR,Burton Albion,D,0,?,0,18439,594,400,17,22,10,3,109,7.8,?,29,20,?,?,12116.0,38
328,28/01/2017,Reading,Cardiff,D,0,?,0,24161,775,325,3,16,12,10,95,6.6,?,20,22,?,?,18558.0,35
329,28/01/2017,Rotherham,Barnsley,D,0,?,0,12021,1177,355,24,8,6,13,10,5.9,?,25,23,?,?,11050.0,27
330,31/01/2017,Barnsley,Wolves,E,1,?,0,23009,1435,270,7,18,13,10,72,5.8,?,25,30,?,?,11808.0,38
331,31/01/2017,Birmingham,Reading,E,1,?,0,30016,965,230,13,3,3,12,82,7.7,?,15,20,?,?,16672.0,40
332,31/01/2017,Brentford,Aston Villa,E,1,?,0,12300,3413,369,14,12,5,8,98,8.2,?,20,25,?,?,10016.0,35
333,31/01/2017,Bristol City,Sheffield Wednesday,E,1,?,0,21497,2521,299,20,6,0,11,144,10.3,?,25,20,?,?,17438.0,41
334,31/01/2017,Cardiff,Preston,E,1,?,0,28000,1437,299,17,11,10,9,160,10.4,?,18,24,?,?,13894.0,34
335,31/01/2017,Ipswich,Derby,E,1,?,0,30311,2137,417,16,8,7,10,125,4.6,?,30,17.6,?,?,14719.0,40
336,31/01/2017,Nottm Forest,Rotherham,E,1,?,0,30602,1026,369,19,24,4,6,35,6.2,?,18,23,?,?,15770.0,35
337,01/02/2017,Blackburn,Leeds United,E,1,?,1,31367,2829,279,22,5,5,13,38,9.7,?,18,35,?,?,17026.0,35
338,01/02/2017,Burton Albion,Fulham,E,1,?,1,6912,982,255,21,10,6,10,111,9.7,?,20,20,?,?,3725.0,24
339,01/02/2017,Newcastle,QPR,E,1,?,1,52404,1158,428,1,15,12,10,247,7.2,?,24,28,?,?,47907.0,37
340,02/02/2017,Huddersfield,Brighton & Hove Albion,E,1,?,0,24500,1611,179,4,2,13,15,206,9.1,?,15,25,?,?,20104.0,30
341,03/02/2017,Wigan Athletic,Sheffield Wednesday,E,1,?,0,25133,2521,179,21,7,7,11,49,7.3,?,22,20,?,?,13037.0,30
342,04/02/2017,Barnsley,Preston,D,0,?,0,23009,1437,270,10,11,10,9,52,5.1,?,25,24,?,?,12590.0,38
343,04/02/2017,Birmingham,Fulham,D,0,?,0,30016,982,230,14,8,3,7,99,5.6,?,15,20,?,?,17426.0,40
344,04/02/2017,Blackburn,QPR,D,0,?,0,31367,1158,279,22,15,5,10,180,5.5,?,18,28,?,?,10846.0,35
345,04/02/2017,Bristol City,Rotherham,D,0,?,0,21497,1026,299,20,24,1,6,147,5.7,?,25,23,?,?,18737.0,41
346,04/02/2017,Burton Albion,Wolves,D,0,?,0,6912,1435,255,23,17,6,7,28,5.7,?,20,30,?,?,5608.0,24
347,04/02/2017,Cardiff,Norwich City,D,0,?,0,28000,1661,299,16,9,12,13,207,5.2,?,18,20,?,?,15901.0,34
348,04/02/2017,Ipswich,Reading,D,0,?,0,30311,965,417,18,3,7,12,102,4.2,?,30,20,?,?,15091.0,40
349,04/02/2017,Newcastle,Derby,D,0,?,0,52404,2137,428,1,6,10,10,143,4.7,?,24,17.6,?,?,52231.0,37
350,04/02/2017,Nottm Forest,Aston Villa,D,0,?,0,30602,3413,369,19,13,7,2,43,5.4,?,18,25,?,?,19866.0,35
351,05/02/2017,Brentford,Brighton & Hove Albion,D,0,?,0,12300,1611,369,12,2,8,12,44,8.2,?,20,25,?,?,10433.0,35
352,05/02/2017,Huddersfield,Leeds United,D,0,?,0,24500,2829,179,4,5,13,13,12,3.8,?,15,35,?,?,22400.0,30
353,07/02/2017,Wigan Athletic,Norwich City,E,1,?,0,25133,1661,179,23,9,7,10,177,5.7,?,22,20,?,?,10193.0,30
354,10/02/2017,Sheffield Wednesday,Birmingham,E,1,?,0,39732,1841,415,6,13,9,3,66,2.0,?,20,15,?,?,24805.0,49
355,11/02/2017,Aston Villa,Ipswich,D,0,?,0,42788,1384,325,14,17,2,7,132,1.8,?,20,10,?,?,30796.0,37
356,11/02/2017,Brighton & Hove Albion,Burton Albion,D,0,?,0,30750,594,475,2,22,10,6,151,2.0,?,25,20,?,?,29464.0,42
357,11/02/2017,Derby,Bristol City,D,0,?,0,33597,1233,319,8,20,7,4,114,2.1,?,17.6,25,?,?,28043.0,33
358,11/02/2017,Fulham,Wigan Athletic,D,0,?,0,25700,1284,254,10,23,7,8,176,2.8,?,25,20,?,?,15552.0,45
359,11/02/2017,Leeds United,Cardiff,D,0,?,0,37890,775,398,5,18,12,9,173,1.9,?,30,22,?,?,31516.0,42
360,11/02/2017,Norwich City,Nottm Forest,D,0,?,0,26034,1581,499.5,7,16,13,10,105,2.4,?,20,18,?,?,26831.0,40
361,11/02/2017,Preston,Brentford,D,0,?,0,24500,1062,360,11,12,9,7,187,3.6,?,24,20,?,?,10130.0,30
362,11/02/2017,QPR,Huddersfield,D,0,?,0,18439,1095,400,15,3,8,15,162,2.3,?,29,20,?,?,14044.0,38
363,11/02/2017,Reading,Barnsley,D,0,?,0,24161,1177,325,4,9,10,10,149,2.1,?,20,23,?,?,16222.0,35
364,11/02/2017,Rotherham,Blackburn,D,0,?,0,12021,1125,355,24,21,3,8,51,2.6,?,25,22,?,?,9438.0,27
365,11/02/2017,Wolves,Newcastle,D,0,?,0,30852,3140,345,19,1,7,13,166,1.9,?,25,24,?,?,24876.0,30
366,14/02/2017,Aston Villa,Barnsley,E,1,?,0,42788,1177,325,14,10,1,10,74,4.6,?,20,23,?,?,26435.0,37
367,14/02/2017,Brighton & Hove Albion,Ipswich,E,1,?,0,30750,1384,475,2,15,10,5,98,8.5,?,25,10,?,?,26360.0,42
368,14/02/2017,Derby,Cardiff,E,1,?,0,33597,775,319,8,16,7,9,123,5.1,?,17.6,22,?,?,26541.0,33
369,14/02/2017,Fulham,Nottm Forest,E,1,?,0,25700,1581,254,9,18,10,10,109,7.3,?,25,18,?,?,15365.0,45
370,14/02/2017,Leeds United,Bristol City,E,1,?,0,37890,1233,398,5,20,9,5,168,4.5,?,30,25,?,?,22402.0,42
371,14/02/2017,Norwich City,Newcastle,E,1,?,0,26034,3140,499.5,7,1,13,14,202,6.8,?,20,24,?,?,26841.0,40
372,14/02/2017,Preston,Birmingham,E,1,?,0,24500,1841,360,11,13,9,5,96,6.2,?,24,15,?,?,10233.0,30
373,14/02/2017,Reading,Brentford,E,1,?,0,24161,1062,325,4,12,11,4,30,6.6,?,20,20,?,?,15710.0,35
374,14/02/2017,Rotherham,Huddersfield,E,1,?,0,12021,1095,355,24,3,4,15,23,5.3,?,25,20,?,?,10114.0,27
375,14/02/2017,Sheffield Wednesday,Blackburn,E,1,?,0,39732,1125,415,6,21,11,8,46,4.5,?,20,22,?,?,24603.0,49
376,14/02/2017,Wolves,Wigan Athletic,E,1,?,0,30852,1284,345,19,23,7,7,69,4.8,?,25,20,?,?,17156.0,30
377,18/02/2017,Barnsley,Brighton & Hove Albion,D,0,?,0,23009,1611,270,9,2,11,11,195,9.3,?,25,25,?,?,12743.0,38
378,18/02/2017,Birmingham,QPR,D,0,?,0,30016,1158,230,15,17,4,5,97,7.3,?,15,28,?,?,20265.0,40
379,18/02/2017,Burton Albion,Norwich City,D,0,?,0,6912,1661,255,21,7,6,13,124,8.1,?,20,20,?,?,5263.0,24
380,18/02/2017,Cardiff,Rotherham,D,0,?,0,28000,1026,299,12,24,9,1,155,9.3,?,18,23,?,?,15650.0,34
381,18/02/2017,Ipswich,Leeds United,D,0,?,0,30311,2829,417,14,5,6,9,165,7.1,?,30,35,?,?,18748.0,40
382,18/02/2017,Nottm Forest,Sheffield Wednesday,D,0,?,0,30602,2521,369,18,6,9,13,36,24.5,?,18,20,?,?,20164.0,35
383,18/02/2017,Wigan Athletic,Preston,D,0,?,0,25133,1437,179,23,11,10,9,16,9.1,?,22,24,?,?,15117.0,30
384,20/02/2017,Newcastle,Aston Villa,E,1,?,0,52404,3413,428,1,16,14,1,171,11.6,?,24,25,?,?,50024.0,37
385,21/02/2017,Derby,Burton Albion,E,1,?,0,33597,594,319,7,22,7,6,10,10.6,?,17.6,20,?,?,31081.0,33
386,21/02/2017,Huddersfield,Reading,E,1,?,0,24500,965,179,3,4,15,11,158,7.8,?,15,20,?,?,19894.0,30
387,21/02/2017,QPR,Wigan Athletic,E,1,?,0,18439,1284,400,17,21,5,8,174,12.0,?,29,20,?,?,12101.0,38
388,21/02/2017,Sheffield Wednesday,Brentford,E,1,?,0,39732,1062,415,6,15,13,7,142,9.8,?,20,20,?,?,25014.0,49
389,22/02/2017,Bristol City,Fulham,E,1,?,0,21497,982,299,20,8,5,10,104,9.9,?,25,20,?,?,17272.0,41
390,24/02/2017,Burton Albion,Blackburn,E,1,?,0,6912,1125,255,20,21,10,8,72,5.5,?,20,22,?,?,5496.0,24
391,24/02/2017,Wolves,Birmingham,E,1,?,0,30852,1841,345,18,16,6,5,15,6.1,?,25,15,?,?,27541.0,30
392,25/02/2017,Aston Villa,Derby,D,0,?,0,42788,2137,325,17,11,1,8,34,8.2,?,20,17.6,?,?,30935.0,37
393,25/02/2017,Barnsley,Huddersfield,D,0,?,0,23009,1095,270,9,3,8,16,14,8.4,?,25,20,?,?,18075.0,38
394,25/02/2017,Brentford,Rotherham,D,0,?,0,12300,1026,369,14,24,7,1,141,8.2,?,20,23,?,?,9918.0,35
395,25/02/2017,Brighton & Hove Albion,Reading,D,0,?,0,30750,965,475,2,4,11,14,55,9.4,?,25,20,?,?,29613.0,42
396,25/02/2017,Cardiff,Fulham,D,0,?,0,28000,982,299,12,7,12,13,128,9.1,?,18,20,?,?,15656.0,34
397,25/02/2017,Leeds United,Sheffield Wednesday,D,0,?,0,37890,2521,398,5,6,10,13,26,7.6,?,30,20,?,?,35093.0,42
398,25/02/2017,Newcastle,Bristol City,D,0,?,0,52404,1233,428,1,22,14,5,248,9.2,?,24,25,?,?,52131.0,37
399,25/02/2017,Preston,QPR,D,0,?,0,24500,1158,360,10,15,9,7,188,8.3,?,24,28,?,?,10848.0,30
400,25/02/2017,Wigan Athletic,Nottm Forest,D,0,?,0,25133,1581,179,23,19,5,6,76,12.1,?,22,18,?,?,11254.0,30
401,26/02/2017,Norwich City,Ipswich,D,0,?,0,26034,1384,499.5,8,13,11,7,40,11.4,?,20,10,?,?,27107.0,40
402,28/02/2017,Aston Villa,Bristol City,E,1,?,0,42788,1233,325,13,20,3,6,80,3.9,?,20,25,?,?,28119.0,37
403,28/02/2017,Blackburn,Derby,E,1,?,0,31367,2137,279,22,10,6,8,71,3.3,?,18,17.6,?,?,10536.0,35
404,28/02/2017,Brighton & Hove Albion,Newcastle,E,1,?,0,30750,3140,475,1,2,11,12,292,6.1,?,25,24,?,?,30230.0,42
405,03/03/2017,Birmingham,Leeds United,E,1,?,0,30016,2829,230,14,4,6,10,91,6.3,?,15,35,?,?,20321.0,40
406,04/03/2017,Blackburn,Wigan Athletic,D,0,?,0,31367,1284,279,21,23,8,5,15,8.7,?,18,20,?,?,13165.0,35
407,04/03/2017,Bristol City,Burton Albion,D,0,?,0,21497,594,299,22,20,5,8,105,8.2,?,25,20,?,?,17914.0,41
408,04/03/2017,Derby,Barnsley,D,0,?,0,33597,1177,319,11,10,2,6,44,9.3,?,17.6,23,?,?,30280.0,33
409,04/03/2017,Fulham,Preston,D,0,?,0,25700,1437,254,7,9,13,9,190,10.2,?,25,24,?,?,20205.0,45
410,04/03/2017,Huddersfield,Newcastle,D,0,?,0,24500,3140,179,3,1,16,12,92,8.8,?,15,24,?,?,23213.0,30
411,04/03/2017,Ipswich,Brentford,D,0,?,0,30311,1062,417,16,13,7,8,73,8.6,?,30,20,?,?,15863.0,40
412,04/03/2017,Nottm Forest,Brighton & Hove Albion,D,0,?,0,30602,1611,369,19,2,7,11,151,10.1,?,18,25,?,?,22020.0,35
413,04/03/2017,QPR,Cardiff,D,0,?,0,18439,775,400,17,12,7,13,127,10.2,?,29,22,?,?,15103.0,38
414,04/03/2017,Reading,Wolves,D,0,?,0,24161,1435,325,5,18,8,1,95,9.3,?,20,30,?,?,18629.0,35
415,04/03/2017,Rotherham,Aston Villa,D,0,?,0,12021,3413,355,24,15,1,6,67,10.5,?,25,25,?,?,10720.0,27
416,04/03/2017,Sheffield Wednesday,Norwich City,D,0,?,0,39732,1661,415,6,8,12,9,129,9.0,?,20,20,?,?,28178.0,49
417,07/03/2017,Birmingham,Wigan Athletic,E,1,?,0,30016,1284,230,17,23,6,5,81,7.8,?,15,20,?,?,15596.0,40
418,07/03/2017,Blackburn,Cardiff,E,1,?,0,31367,775,279,20,12,11,13,158,6.3,?,18,22,?,?,10645.0,35
419,07/03/2017,Bristol City,Norwich City,E,1,?,0,21497,1661,299,22,8,3,6,187,7.0,?,25,20,?,?,17035.0,41
420,07/03/2017,Derby,Preston,E,1,?,0,33597,1437,319,10,9,5,11,79,6.9,?,17.6,24,?,?,26301.0,33
421,07/03/2017,Fulham,Leeds United,E,1,?,0,25700,2829,254,7,4,13,10,169,8.9,?,25,35,?,?,22239.0,45
422,07/03/2017,Huddersfield,Aston Villa,E,1,?,0,24500,3413,179,3,13,13,6,79,6.3,?,15,25,?,?,20584.0,30
423,07/03/2017,Ipswich,Wolves,E,1,?,0,30311,1435,417,15,19,8,4,145,6.8,?,30,30,?,?,15076.0,40
424,07/03/2017,Nottm Forest,Brentford,E,1,?,0,30602,1062,369,18,14,7,10,106,7.6,?,18,20,?,?,16903.0,35
425,07/03/2017,QPR,Barnsley,E,1,?,0,18439,1177,400,16,11,9,6,151,8.4,?,29,23,?,?,11635.0,38
426,07/03/2017,Reading,Newcastle,E,1,?,0,24161,3140,325,5,1,8,14,247,9.3,?,20,24,?,?,23121.0,35
427,07/03/2017,Rotherham,Brighton & Hove Albion,E,1,?,0,12021,1611,355,24,2,1,10,186,8.8,?,25,25,?,?,8366.0,27
428,07/03/2017,Sheffield Wednesday,Burton Albion,E,1,?,0,39732,594,415,6,21,12,9,41,7.1,?,20,20,?,?,24929.0,49
429,10/03/2017,Brighton & Hove Albion,Derby,E,1,?,0,30750,2137,475,2,10,10,5,154,9.6,?,25,17.6,?,?,27552.0,42
430,11/03/2017,Aston Villa,Sheffield Wednesday,D,0,?,0,42788,2521,325,15,6,9,10,64,12.3,?,20,20,?,?,31143.0,37
431,11/03/2017,Barnsley,Ipswich,D,0,?,0,23009,1384,270,11,16,5,8,151,11.7,?,25,10,?,?,11836.0,38
432,11/03/2017,Brentford,Huddersfield,D,0,?,0,12300,1095,369,12,3,10,13,162,8.2,?,20,20,?,?,11278.0,35
433,11/03/2017,Burton Albion,Nottm Forest,D,0,?,0,6912,1581,255,21,18,7,4,22,12.3,?,20,18,?,?,6115.0,24
434,11/03/2017,Cardiff,Birmingham,D,0,?,0,28000,1841,299,13,17,11,3,89,11.5,?,18,15,?,?,20334.0,34
435,11/03/2017,Leeds United,QPR,D,0,?,0,37890,1158,398,4,14,11,12,167,10.6,?,30,28,?,?,30870.0,42
436,11/03/2017,Newcastle,Fulham,D,0,?,0,52404,982,428,1,7,12,14,249,10.7,?,24,20,?,?,51903.0,37
437,11/03/2017,Norwich City,Blackburn,D,0,?,0,26034,1125,499.5,8,20,6,9,175,10.8,?,20,22,?,?,26224.0,40
438,11/03/2017,Preston,Reading,D,0,?,0,24500,965,360,9,5,11,8,178,11.1,?,24,20,?,?,10787.0,30
439,11/03/2017,Wigan Athletic,Bristol City,D,0,?,0,25133,1233,179,23,22,8,3,145,10.3,?,22,25,?,?,10787.0,30
440,11/03/2017,Wolves,Rotherham,D,0,?,0,30852,1026,345,19,24,1,1,67,11.8,?,25,23,?,?,20077.0,30
441,14/03/2017,Brentford,Wolves,E,1,?,0,12300,1435,369,13,19,10,7,110,8.2,?,20,30,?,?,8732.0,35
442,14/03/2017,Fulham,Blackburn,E,1,?,0,25700,1125,254,9,23,14,9,183,12.9,?,25,22,?,?,15487.0,45
443,17/03/2017,Bristol City,Huddersfield,E,1,?,1,21497,1095,299,22,3,6,10,157,7.5,?,25,20,?,?,16984.0,41
444,17/03/2017,Sheffield Wednesday,Reading,E,1,?,1,39732,965,415,6,5,7,7,139,8.7,?,20,20,?,?,26072.0,49
445,18/03/2017,Birmingham,Newcastle,D,0,?,0,30016,3140,230,17,1,4,11,173,14.0,?,15,24,?,?,19796.0,40
446,18/03/2017,Blackburn,Preston,D,0,?,0,31367,1437,279,21,8,10,11,9,10.7,?,18,24,?,?,18435.0,35
447,18/03/2017,Burton Albion,Brentford,D,0,?,0,6912,1062,255,19,14,10,10,108,12.9,?,20,20,?,?,4549.0,24
448,18/03/2017,Cardiff,Ipswich,D,0,?,0,28000,1384,299,13,16,9,6,190,10.4,?,18,10,?,?,15182.0,34
449,18/03/2017,Fulham,Wolves,D,0,?,0,25700,1435,254,7,18,12,10,113,13.1,?,25,30,?,?,20668.0,45
450,18/03/2017,Leeds United,Brighton & Hove Albion,D,0,?,0,37890,1611,398,4,2,12,12,211,11.5,?,30,25,?,?,29767.0,42
451,18/03/2017,Norwich City,Barnsley,D,0,?,0,26034,1177,499.5,9,11,4,5,132,13.4,?,20,23,?,?,26105.0,40
452,18/03/2017,Nottm Forest,Derby,D,0,?,0,30602,2137,369,20,10,4,5,13,13.5,?,18,17.6,?,?,26665.0,35
453,18/03/2017,QPR,Rotherham,D,0,?,0,18439,1026,400,15,24,13,0,141,12.7,?,29,23,?,?,13383.0,38
454,18/03/2017,Wigan Athletic,Aston Villa,D,0,?,0,25133,3413,179,23,12,5,12,78,11.3,?,22,25,?,?,14811.0,30
455,31/03/2017,Derby,QPR,E,1,?,0,33597,1158,319,10,15,5,13,110,14.2,?,17.6,28,?,?,27690.0,33
456,01/04/2017,Aston Villa,Norwich City,D,0,?,0,42788,1661,325,12,8,15,6,135,11.3,?,20,20,?,?,32605.0,37
457,01/04/2017,Barnsley,Sheffield Wednesday,D,0,?,0,23009,2521,270,11,6,2,4,10,10.6,?,25,20,?,?,18003.0,38
458,01/04/2017,Brentford,Bristol City,D,0,?,0,12300,1233,369,14,19,10,9,100,12.6,?,20,25,?,?,11360.0,35
459,01/04/2017,Brighton & Hove Albion,Blackburn,D,0,?,0,30750,1125,475,2,22,9,10,223,14.5,?,25,22,?,?,30216.0,42
460,01/04/2017,Huddersfield,Burton Albion,D,0,?,0,24500,594,179,3,21,10,10,58,10.9,?,15,20,?,?,20154.0,30
461,01/04/2017,Ipswich,Birmingham,D,0,?,0,30311,1841,417,17,18,5,5,131,12.3,?,30,15,?,?,16667.0,40
462,01/04/2017,Newcastle,Wigan Athletic,D,0,?,0,52404,1284,428,1,23,9,4,108,13.9,?,24,20,?,?,51849.0,37
463,01/04/2017,Preston,Nottm Forest,D,0,?,0,24500,1581,360,9,20,9,5,86,10.8,?,24,18,?,?,12459.0,30
464,01/04/2017,Reading,Leeds United,D,0,?,0,24161,2829,325,5,4,7,12,165,12.2,?,20,35,?,?,23055.0,35
465,01/04/2017,Rotherham,Fulham,D,0,?,0,12021,982,355,24,7,0,9,143,12.9,?,25,20,?,?,9004.0,27
466,01/04/2017,Wolves,Cardiff,D,0,?,0,30852,775,345,16,13,10,9,88,11.4,?,25,22,?,?,20519.0,30
467,04/04/2017,Aston Villa,QPR,E,1,?,0,42788,1158,325,11,15,15,10,99,10.8,?,20,28,?,?,27154.0,37
468,04/04/2017,Barnsley,Cardiff,E,1,?,0,23009,775,270,13,14,3,6,160,11.4,?,25,22,?,?,10814.0,38
469,04/04/2017,Brentford,Leeds United,E,1,?,0,12300,2829,369,12,5,10,11,167,13.1,?,20,35,?,?,10759.0,35
470,04/04/2017,Brighton & Hove Albion,Birmingham,E,1,?,0,30750,1841,475,2,18,9,6,136,13.4,?,25,15,?,?,28654.0,42
471,04/04/2017,Derby,Fulham,E,1,?,0,33597,982,319,10,6,8,11,112,10.3,?,17.6,20,?,?,27221.0,33
472,04/04/2017,Ipswich,Wigan Athletic,E,1,?,0,30311,1284,417,17,23,5,4,190,11.2,?,30,20,?,?,14661.0,40
473,04/04/2017,Preston,Bristol City,E,1,?,0,24500,1233,360,8,21,9,8,161,10.2,?,24,25,?,?,10224.0,30
474,04/04/2017,Reading,Blackburn,E,1,?,0,24161,1125,325,4,22,10,7,172,12.9,?,20,22,?,?,15353.0,35
475,04/04/2017,Rotherham,Sheffield Wednesday,E,1,?,0,12021,2521,355,24,7,0,5,6,12.2,?,25,20,?,?,10669.0,27
476,04/04/2017,Wolves,Nottm Forest,E,1,?,0,30852,1581,345,16,20,13,5,49,11.2,?,25,18,?,?,21408.0,30
477,05/04/2017,Huddersfield,Norwich City,E,1,?,0,24500,1661,179,3,9,7,6,147,-4.6,?,15,20,?,?,18706.0,30
478,05/04/2017,Newcastle,Burton Albion,E,1,?,0,52404,594,428,1,19,11,9,149,12.2,?,24,20,?,?,48814.0,37
479,07/04/2017,QPR,Brighton & Hove Albion,E,1,?,0,18439,1611,400,16,2,10,12,45,13.6,?,29,25,?,?,16503.0,38
480,08/04/2017,Birmingham,Derby,D,0,?,0,30016,2137,230,18,9,3,11,35,12.1,?,15,17.6,?,?,19381.0,40
481,08/04/2017,Blackburn,Barnsley,D,0,?,0,31367,1177,279,22,13,4,3,44,12.2,?,18,23,?,?,12347.0,35
482,08/04/2017,Bristol City,Wolves,D,0,?,0,21497,1435,299,21,15,8,15,82,13.3,?,25,30,?,?,20323.0,41
483,08/04/2017,Burton Albion,Aston Villa,D,0,?,0,6912,3413,255,19,11,8,15,24,12.1,?,20,25,?,?,6716.0,24
484,08/04/2017,Cardiff,Brentford,D,0,?,0,28000,1062,299,14,12,6,12,124,12.3,?,18,20,?,?,15861.0,34
485,08/04/2017,Fulham,Ipswich,D,0,?,0,25700,1384,254,7,17,8,7,71,16.3,?,25,10,?,?,20959.0,45
486,08/04/2017,Leeds United,Preston,D,0,?,0,37890,1437,398,5,8,8,9,46,9.0,?,30,24,?,?,31851.0,42
487,08/04/2017,Norwich City,Reading,D,0,?,0,26034,965,499.5,10,4,5,13,128,11.4,?,20,20,?,?,26163.0,40
488,08/04/2017,Nottm Forest,Huddersfield,D,0,?,0,30602,1095,369,20,3,5,9,56,12.6,?,18,20,?,?,20411.0,35
489,08/04/2017,Sheffield Wednesday,Newcastle,D,0,?,0,39732,3140,415,6,1,8,11,108,11.8,?,20,24,?,?,28883.0,49
490,08/04/2017,Wigan Athletic,Rotherham,D,0,?,0,25133,1026,179,23,24,3,0,54,10.6,?,22,23,?,?,10085.0,30
491,13/04/2017,Wigan Athletic,Barnsley,E,1,?,0,25133,1177,179,23,13,6,6,49,8.8,?,22,23,?,?,10838.0,30
492,14/04/2017,Brentford,Derby,E,1,?,1,12300,2137,369,12,8,9,11,110,12.4,?,20,17.6,?,?,11133.0,35
493,14/04/2017,Bristol City,QPR,E,1,?,1,21497,1158,299,21,16,10,7,103,10.2,?,25,28,?,?,20404.0,41
494,14/04/2017,Burton Albion,Ipswich,E,1,?,1,6912,1384,255,20,17,8,6,129,11.4,?,20,10,?,?,5236.0,24
495,14/04/2017,Huddersfield,Preston,E,1,?,1,24500,1437,179,3,9,9,9,39,8.6,?,15,24,?,?,21254.0,30
496,14/04/2017,Newcastle,Leeds United,E,1,?,1,52404,2829,428,2,5,8,8,83,11.2,?,24,35,?,?,52301.0,37
497,14/04/2017,Norwich City,Fulham,E,1,?,1,26034,982,499.5,10,7,8,10,103,10.7,?,20,20,?,?,27023.0,40
498,14/04/2017,Nottm Forest,Blackburn,E,1,?,1,30602,1125,369,19,22,5,3,78,13.4,?,18,22,?,?,26279.0,35
499,14/04/2017,Rotherham,Birmingham,E,1,?,1,12021,1841,355,24,18,0,3,69,12.4,?,25,15,?,?,10160.0,27
500,14/04/2017,Sheffield Wednesday,Cardiff,E,1,?,1,39732,775,415,6,14,8,9,151,10.8,?,20,22,?,?,28007.0,49
501,14/04/2017,Wolves,Brighton & Hove Albion,E,1,?,1,30852,1611,345,15,1,15,12,149,11.2,?,25,25,?,?,23221.0,30
502,15/04/2017,Aston Villa,Reading,D,0,?,0,42788,965,325,11,4,13,10,84,10.1,?,20,20,?,?,30742.0,37
503,17/04/2017,Barnsley,Brentford,E,1,?,1,23009,1062,270,13,11,6,12,151,8.8,?,25,20,?,?,25000.0,38
504,17/04/2017,Birmingham,Burton Albion,E,1,?,1,30016,594,230,19,21,4,7,26,8.4,?,15,20,?,?,19794.0,40
505,17/04/2017,Blackburn,Bristol City,E,1,?,1,31367,1233,279,22,18,5,12,158,8.1,?,18,25,?,?,13935.0,35
506,17/04/2017,Brighton & Hove Albion,Wigan Athletic,E,1,?,1,30750,1284,475,1,23,15,6,215,13.2,?,25,20,?,?,29940.0,42
507,17/04/2017,Cardiff,Nottm Forest,E,1,?,1,28000,1581,299,14,20,8,5,133,12.3,?,18,18,?,?,16413.0,34
508,17/04/2017,Derby,Huddersfield,E,1,?,1,33597,1095,319,8,3,10,7,53,8.4,?,17.6,20,?,?,29031.0,33
509,17/04/2017,Fulham,Aston Villa,E,1,?,1,25700,3413,254,7,12,10,13,101,11.9,?,25,25,?,?,23891.0,45
510,17/04/2017,Ipswich,Newcastle,E,1,?,1,30311,3140,417,15,2,8,8,232,9.3,?,30,24,?,?,25684.0,40
511,17/04/2017,Leeds United,Wolves,E,1,?,1,37890,1435,398,5,16,8,12,86,7.7,?,30,30,?,?,32351.0,42
512,17/04/2017,Preston,Norwich City,E,1,?,1,24500,1661,360,9,10,8,7,184,9.5,?,24,20,?,?,11373.0,30
513,17/04/2017,QPR,Sheffield Wednesday,E,1,?,1,18439,2521,400,17,6,4,10,142,11.1,?,29,20,?,?,15708.0,38
514,17/04/2017,Reading,Rotherham,E,1,?,1,24161,1026,325,4,24,12,1,140,12.2,?,20,23,?,?,16711.0,35
515,21/04/2017,Norwich City,Brighton & Hove Albion,E,1,?,0,26034,1611,499.5,8,1,9,15,136,11.5,?,20,25,?,?,26932.0,40
516,22/04/2017,Brentford,QPR,D,0,?,0,12300,1158,369,11,17,13,3,3,12.6,?,20,28,?,?,11888.0,35
517,22/04/2017,Bristol City,Barnsley,D,0,?,0,21497,1177,299,18,14,10,6,154,14.0,?,25,23,?,?,18617.0,41
518,22/04/2017,Burton Albion,Leeds United,D,0,?,0,6912,2829,255,19,7,7,7,66,11.2,?,20,35,?,?,6073.0,24
519,22/04/2017,Huddersfield,Fulham,D,0,?,0,24500,982,179,3,6,7,10,164,11.4,?,15,20,?,?,21023.0,30
520,22/04/2017,Nottm Forest,Reading,D,0,?,0,30602,965,369,21,4,5,15,105,11.3,?,18,20,?,?,20323.0,35
521,22/04/2017,Rotherham,Ipswich,D,0,?,0,12021,1384,355,24,15,1,10,142,11.5,?,25,10,?,?,8266.0,27
522,22/04/2017,Sheffield Wednesday,Derby,D,0,?,0,39732,2137,415,5,9,13,11,34,11.0,?,20,17.6,?,?,28889.0,49
523,22/04/2017,Wigan Athletic,Cardiff,D,0,?,0,25133,775,179,23,13,6,10,144,9.6,?,22,22,?,?,10875.0,30
524,22/04/2017,Wolves,Blackburn,D,0,?,0,30852,1125,345,16,22,12,5,80,12.3,?,25,22,?,?,20249.0,30
525,23/04/2017,Aston Villa,Birmingham,D,0,?,0,42788,1841,325,12,20,10,3,2,9.7,?,20,15,?,?,40884.0,37
526,24/04/2017,Newcastle,Preston,E,1,?,0,52404,1437,428,2,10,8,5,94,8.7,?,24,24,?,?,50212.0,37
527,25/04/2017,Wolves,Huddersfield,E,1,?,0,30852,1095,345,18,4,10,7,75,7.3,?,25,20,?,?,17505.0,30
528,28/04/2017,Cardiff,Newcastle,E,1,?,0,28000,3140,299,13,2,8,10,250,9.2,?,18,24,?,?,23153.0,34
529,29/04/2017,Barnsley,Burton Albion,D,0,?,0,23009,594,270,14,18,6,10,51,9.9,?,25,20,?,?,12952.0,38
530,29/04/2017,Birmingham,Huddersfield,D,0,?,0,30016,1095,230,21,3,2,10,81,10.4,?,15,20,?,?,26914.0,40
531,29/04/2017,Blackburn,Aston Villa,D,0,?,0,31367,3413,279,22,12,5,10,88,10.5,?,18,25,?,?,21884.0,35
532,29/04/2017,Brighton & Hove Albion,Bristol City,D,0,?,0,30750,1233,475,1,17,15,10,118,12.1,?,25,25,?,?,30338.0,42
533,29/04/2017,Derby,Wolves,D,0,?,0,33597,1435,319,10,15,10,7,37,10.8,?,17.6,30,?,?,31051.0,33
534,29/04/2017,Fulham,Brentford,D,0,?,0,25700,1062,254,6,9,15,13,4,11.9,?,25,20,?,?,24594.0,45
535,29/04/2017,Ipswich,Sheffield Wednesday,D,0,?,0,30311,2521,417,16,5,10,16,145,11.9,?,30,20,?,?,19000.0,40
536,29/04/2017,Leeds United,Norwich City,D,0,?,0,37890,1661,398,7,8,4,9,144,10.3,?,30,20,?,?,34292.0,42
537,29/04/2017,Preston,Rotherham,D,0,?,0,24500,1026,360,11,24,4,4,60,11.3,?,24,23,?,?,11032.0,30
538,29/04/2017,QPR,Nottm Forest,D,0,?,0,18439,1581,400,19,20,0,7,106,11.1,?,29,18,?,?,16474.0,38
539,29/04/2017,Reading,Wigan Athletic,D,0,?,0,24161,1284,325,4,23,12,7,163,10.4,?,20,20,?,?,19177.0,35
540,07/05/2017,Aston Villa,Brighton & Hove Albion,D,0,?,0,42788,1611,325,12,1,7,12,138,14.1,?,20,25,?,?,32856.0,37
541,07/05/2017,Brentford,Blackburn,D,0,?,0,12300,1125,369,10,22,11,8,180,13.2,?,20,22,?,?,11969.0,35
542,07/05/2017,Bristol City,Birmingham,D,0,?,0,21497,1841,299,17,20,13,4,79,14.2,?,25,15,?,?,25404.0,41
543,07/05/2017,Burton Albion,Reading,D,0,?,0,6912,965,255,19,3,8,12,101,12.8,?,20,20,?,?,6264.0,24
544,07/05/2017,Huddersfield,Cardiff,D,0,?,0,24500,775,179,5,13,7,8,161,9.6,?,15,22,?,?,20583.0,30
545,07/05/2017,Newcastle,Barnsley,D,0,?,0,52404,1177,428,2,14,10,6,99,9.8,?,24,23,?,?,52276.0,37
546,07/05/2017,Norwich City,QPR,D,0,?,0,26034,1158,499.5,8,18,10,3,101,11.4,?,20,28,?,?,27005.0,40
547,07/05/2017,Nottm Forest,Ipswich,D,0,?,0,30602,1384,369,21,16,6,9,114,12.2,?,18,10,?,?,28249.0,35
548,07/05/2017,Rotherham,Derby,D,0,?,0,12021,2137,355,24,9,5,10,36,10.2,?,25,17.6,?,?,10763.0,27
549,07/05/2017,Sheffield Wednesday,Fulham,D,0,?,0,39732,982,415,4,6,18,13,144,10.9,?,20,20,?,?,33681.0,49
550,07/05/2017,Wigan Athletic,Leeds United,D,0,?,0,25133,2829,179,23,7,7,5,48,12.2,?,22,35,?,?,15280.0,30
551,07/05/2017,Wolves,Preston,D,0,?,0,30852,1437,345,15,11,4,4,85,14.6,?,25,24,?,?,20163.0,30
