Date,HomeTeam,AwayTeam,Day_Eve,Day Type,Hol Type,Capacity,Average Travelling Fans,Cheapest Season T,Home League Position,Away League Position,Form Home,Form Away,Distance,Temperature,Lowest Home Ticket Price,Lowest Away Ticket Price,Attendance,Highest Home Ticket Price
05/08/2016,Fulham,Newcastle,E,1,0,25700,3140,254,0,0,0,0,249,20.2,25,24,23922,45
06/08/2016,Birmingham,Cardiff,D,0,0,30016,775,230,0,0,0,0,89,18.8,15,22,19833,40
06/08/2016,Blackburn,Norwich City,D,0,0,31367,1661,279,0,0,0,0,175,17.9,18,20,12641,35
06/08/2016,Bristol City,Wigan Athletic,D,0,0,21497,1284,299,0,0,0,0,145,19.1,25,20,17635,41
06/08/2016,Derby,Brighton & Hove Albion,D,0,0,33597,1611,319,0,0,0,0,154,19.3,17.6,25,28749,33
06/08/2016,Huddersfield,Brentford,D,0,0,24500,1062,179,0,10,0,0,162,18.9,15,20,18479,30
06/08/2016,Ipswich,Barnsley,D,0,0,30311,1177,417,0,0,0,0,151,19.1,30,23,17370,40
06/08/2016,Nottm Forest,Burton Albion,D,0,0,30602,594,369,0,0,0,0,22,21.2,18,20,23012,35
06/08/2016,Reading,Preston,D,0,0,24161,1437,325,0,0,0,0,178,20.5,20,24,15764,35
06/08/2016,Rotherham,Wolves,D,0,0,12021,1435,355,0,0,0,0,67,21.6,25,30,11291,27
07/08/2016,QPR,Leeds United,D,0,0,18439,2829,400,18,7,0,0,167,21.8,29,35,16764,38
07/08/2016,Sheffield Wednesday,Aston Villa,D,0,0,39732,3413,415,4,0,0,0,64,19.3,20,25,30060,49
12/08/2016,Brighton & Hove Albion,Nottm Forest,E,1,0,30750,1581,475,15,4,1,3,151,19.2,25,18,25748,42
13/08/2016,Aston Villa,Rotherham,D,0,0,42788,1026,325,19,11,0,1,67,19.1,20,23,33286,37
13/08/2016,Barnsley,Derby,D,0,0,23009,2137,270,22,12,0,1,44,17.8,25,17.6,15049,38
13/08/2016,Brentford,Ipswich,D,0,0,12300,1384,369,18,3,0,3,73,22.6,20,10,10089,35
13/08/2016,Burton Albion,Bristol City,D,0,0,6912,1233,255,16,5,0,3,105,18.4,20,25,4579,24
13/08/2016,Leeds United,Birmingham,D,0,0,37890,1841,398,24,13,0,1,91,16.5,30,15,27392,42
13/08/2016,Newcastle,Huddersfield,D,0,0,52404,1095,428,21,6,0,3,92,19.4,24,20,52079,37
13/08/2016,Norwich City,Sheffield Wednesday,D,0,0,26034,2521,499.5,1,9,3,3,129,19.8,20,20,26236,40
13/08/2016,Preston,Fulham,D,0,0,24500,982,360,20,7,0,3,190,17,24,20,10809,30
13/08/2016,Wigan Athletic,Blackburn,D,0,0,25133,1125,179,17,23,0,0,15,16.7,22,22,12216,30
13/08/2016,Wolves,Reading,D,0,0,30852,965,345,10,8,1,3,95,19.5,25,20,20425,30
14/08/2016,Cardiff,QPR,D,0,0,28000,1158,299,14,2,1,3,127,16.9,18,28,15869,34
16/08/2016,Aston Villa,Huddersfield,E,1,0,42788,1095,325,11,3,3,6,79,18.1,20,20,34924,37
16/08/2016,Brentford,Nottm Forest,E,1,0,12300,1581,369,12,16,3,3,106,18.1,20,18,10004,35
16/08/2016,Brighton & Hove Albion,Rotherham,E,1,0,30750,1026,475,6,19,4,1,186,20.8,25,23,25128,42
16/08/2016,Burton Albion,Sheffield Wednesday,E,1,0,6912,2521,255,20,9,0,4,41,18.2,20,20,4997,24
16/08/2016,Leeds United,Fulham,E,1,0,37890,982,398,23,4,0,6,169,15.7,30,20,21204,42
16/08/2016,Norwich City,Bristol City,E,1,0,26034,1233,499.5,5,2,4,6,187,16.8,20,25,26297,40
16/08/2016,Preston,Derby,E,1,0,24500,2137,360,21,17,0,1,79,18.7,24,17.6,10628,30
16/08/2016,Wigan Athletic,Birmingham,E,1,0,25133,1841,179,10,8,3,4,81,17.8,22,15,11182,30
16/08/2016,Wolves,Ipswich,E,1,0,30852,1384,345,7,14,4,3,145,18.9,25,10,19991,30
17/08/2016,Barnsley,QPR,E,1,0,23009,1158,270,13,1,3,6,151,17.7,25,28,11613,38
17/08/2016,Cardiff,Blackburn,E,1,0,28000,1125,299,18,24,1,0,158,19.1,18,22,14041,34
17/08/2016,Newcastle,Reading,E,1,0,52404,965,428,22,15,0,3,247,17.9,24,20,48209,37
20/08/2016,Birmingham,Wolves,D,0,0,30016,1435,230,10,9,5,5,15,16.8,15,30,18569,40
20/08/2016,Blackburn,Burton Albion,D,0,0,31367,594,279,24,18,0,3,72,15.9,18,20,10356,35
20/08/2016,Bristol City,Newcastle,D,0,0,21497,3140,299,8,17,6,3,248,16.1,25,24,22512,41
20/08/2016,Derby,Aston Villa,D,0,0,33597,3413,319,16,12,4,4,34,16.9,17.6,25,31205,33
20/08/2016,Fulham,Cardiff,D,0,0,25700,775,254,4,14,7,4,128,18.7,25,22,15401,45
20/08/2016,Huddersfield,Barnsley,D,0,0,24500,1177,179,3,7,7,6,14,15.6,15,23,20001,30
20/08/2016,Nottm Forest,Wigan Athletic,D,0,0,30602,1284,369,19,11,3,4,76,17.9,18,20,17750,35
20/08/2016,QPR,Preston,D,0,0,18439,1437,400,5,23,6,0,188,18.1,29,24,13307,38
20/08/2016,Reading,Brighton & Hove Albion,D,0,0,24161,1611,325,20,1,3,7,55,18.8,20,25,16781,35
20/08/2016,Rotherham,Brentford,D,0,0,12021,1062,355,22,6,1,6,141,18.2,25,20,8367,27
20/08/2016,Sheffield Wednesday,Leeds United,D,0,0,39732,2829,415,15,21,4,1,26,16.6,20,35,29075,49
21/08/2016,Ipswich,Norwich City,D,0,0,30311,1661,417,13,2,4,7,40,19.2,30,20,23350,40
26/08/2016,Burton Albion,Derby,E,1,0,6912,2137,255,18,16,4,5,10,18.1,20,17.6,6746,24
27/08/2016,Barnsley,Rotherham,D,0,0,23009,1026,270,9,22,6,4,10,15,25,23,15283,38
27/08/2016,Birmingham,Norwich City,D,0,0,30016,1661,230,14,4,5,8,134,16,15,20,16295,40
27/08/2016,Blackburn,Fulham,D,0,0,31367,982,279,24,5,1,8,183,16.2,18,20,10464,35
27/08/2016,Brentford,Sheffield Wednesday,D,0,0,12300,2521,369,8,20,6,4,142,21.2,20,20,9677,35
27/08/2016,Bristol City,Aston Villa,D,0,0,21497,3413,299,10,12,6,5,80,17.2,25,25,21099,41
27/08/2016,Cardiff,Reading,D,0,0,28000,965,299,15,21,5,4,95,16.4,18,20,15013,34
27/08/2016,Huddersfield,Wolves,D,0,0,24500,1435,179,1,3,10,8,75,13.8,15,30,19972,30
27/08/2016,Ipswich,Preston,D,0,0,30311,1437,417,13,23,5,3,200,18.9,30,24,15296,40
27/08/2016,Newcastle,Brighton & Hove Albion,D,0,0,52404,1611,428,7,2,6,8,292,17.9,24,25,49196,37
27/08/2016,Nottm Forest,Leeds United,D,0,0,30602,2829,369,11,19,6,4,61,15.7,18,35,20995,35
27/08/2016,Wigan Athletic,QPR,D,0,0,25133,1158,179,17,6,4,6,174,17.2,22,28,10606,30
09/09/2016,Reading,Ipswich,E,1,0,24161,1384,325,15,11,7,8,102,19.7,20,10,15146,35
10/09/2016,Brighton & Hove Albion,Brentford,D,0,0,30750,1062,475,8,14,8,7,44,19.3,25,20,26388,42
10/09/2016,Derby,Newcastle,D,0,0,33597,3140,319,18,4,5,9,143,15.3,17.6,24,30405,33
10/09/2016,Fulham,Birmingham,D,0,0,25700,1841,254,2,10,11,8,99,18,25,15,17603,45
10/09/2016,Leeds United,Huddersfield,D,0,0,37890,1095,398,21,1,4,13,12,16.2,30,20,28514,42
10/09/2016,Norwich City,Cardiff,D,0,0,26034,775,499.5,12,17,8,5,207,17.8,20,22,25519,40
10/09/2016,Preston,Barnsley,D,0,0,24500,1177,360,23,3,3,9,52,14.9,24,23,11852,30
10/09/2016,QPR,Blackburn,D,0,0,18439,1125,400,5,24,9,1,180,17.5,29,22,13210,38
10/09/2016,Rotherham,Bristol City,D,0,0,12021,1233,355,22,6,4,9,147,15.6,25,25,8559,27
10/09/2016,Sheffield Wednesday,Wigan Athletic,D,0,0,39732,1284,415,19,20,5,4,49,14.9,20,20,24860,49
10/09/2016,Wolves,Burton Albion,D,0,0,30852,594,345,9,13,8,7,28,15.2,25,20,22049,30
11/09/2016,Aston Villa,Nottm Forest,D,0,0,42788,1581,325,16,7,5,9,43,14.7,20,18,30619,37
13/09/2016,Brighton & Hove Albion,Huddersfield,E,1,0,30750,1095,475,13,1,8,16,206,27,25,20,24166,42
13/09/2016,Derby,Ipswich,E,1,0,33597,1384,319,19,15,5,8,125,22.3,17.6,10,26425,33
13/09/2016,Fulham,Burton Albion,E,1,0,25700,594,254,6,14,11,8,111,23.6,25,20,15288,45
13/09/2016,Leeds United,Blackburn,E,1,0,37890,1125,398,22,24,4,2,38,19.3,30,22,19009,42
13/09/2016,Norwich City,Wigan Athletic,E,1,0,26034,1284,499.5,5,21,11,4,177,24.9,20,20,25992,40
13/09/2016,Preston,Cardiff,E,1,0,24500,775,360,23,18,3,5,160,20.4,24,22,9216,30
13/09/2016,QPR,Newcastle,E,1,0,18439,3140,400,7,2,10,12,247,26.4,29,24,17404,38
13/09/2016,Reading,Birmingham,E,1,0,24161,1841,325,11,4,10,11,82,24.9,20,15,14602,35
13/09/2016,Sheffield Wednesday,Bristol City,E,1,0,39732,1233,415,16,9,8,10,144,21.9,20,25,24151,49
13/09/2016,Wolves,Barnsley,E,1,0,30852,1177,345,12,3,9,12,72,20.5,25,23,18668,30
14/09/2016,Aston Villa,Brentford,E,1,0,42788,1062,325,17,8,6,10,98,21.1,20,20,29752,37
14/09/2016,Rotherham,Nottm Forest,E,1,0,12021,1581,355,20,10,5,10,35,19.6,25,18,10243,27
17/09/2016,Barnsley,Reading,D,0,0,23009,965,270,3,12,15,8,149,16.6,25,20,12675,38
17/09/2016,Birmingham,Sheffield Wednesday,D,0,0,30016,2521,230,5,11,11,8,66,15.1,15,20,16786,40
17/09/2016,Blackburn,Rotherham,D,0,0,31367,1026,279,24,20,2,5,51,13.3,18,23,10699,35
17/09/2016,Brentford,Preston,D,0,0,12300,1437,369,8,19,11,6,187,14.5,20,24,9920,35
17/09/2016,Bristol City,Derby,D,0,0,21497,2137,299,13,21,7,4,114,16,25,17.6,19451,41
17/09/2016,Burton Albion,Brighton & Hove Albion,D,0,0,6912,1611,255,15,7,9,10,151,15.2,20,25,4756,24
17/09/2016,Cardiff,Leeds United,D,0,0,28000,2829,299,22,18,4,7,173,15.7,18,35,16608,34
17/09/2016,Huddersfield,QPR,D,0,0,24500,1158,179,1,14,13,7,162,16.9,15,28,20595,30
17/09/2016,Ipswich,Aston Villa,D,0,0,30311,3413,417,9,17,8,7,132,15.7,30,25,19249,40
17/09/2016,Newcastle,Wolves,D,0,0,52404,1435,428,2,16,15,8,166,17.3,24,30,52117,37
17/09/2016,Nottm Forest,Norwich City,D,0,0,30602,1661,369,10,4,8,11,105,14.9,18,20,20323,35
17/09/2016,Wigan Athletic,Fulham,D,0,0,25133,982,179,23,6,4,9,176,14,22,20,10582,30
23/09/2016,Preston,Wigan Athletic,E,1,0,24500,1284,360,19,22,6,2,16,14.1,24,20,13077,30
24/09/2016,Aston Villa,Newcastle,D,0,0,42788,3140,325,18,3,5,15,171,15.8,20,24,32062,37
24/09/2016,Brighton & Hove Albion,Barnsley,D,0,0,30750,1177,475,7,4,10,12,195,19.5,25,23,26018,42
24/09/2016,Derby,Blackburn,D,0,0,33597,1125,319,20,23,5,5,71,16.4,17.6,22,26602,33
24/09/2016,Fulham,Bristol City,D,0,0,25700,1233,254,9,12,7,5,104,17.7,25,25,20585,45
24/09/2016,Leeds United,Ipswich,D,0,0,37890,1384,398,15,11,10,9,165,14.8,30,10,22554,42
24/09/2016,Norwich City,Burton Albion,D,0,0,26034,594,499.5,2,17,13,9,124,16.7,20,20,26104,40
24/09/2016,QPR,Birmingham,D,0,0,18439,1841,400,16,5,4,11,97,17.8,29,15,13693,38
24/09/2016,Reading,Huddersfield,D,0,0,24161,1095,325,8,1,11,13,158,16.8,20,20,17030,35
24/09/2016,Rotherham,Cardiff,D,0,0,12021,775,355,21,24,5,4,155,16.7,25,22,8348,27
24/09/2016,Sheffield Wednesday,Nottm Forest,D,0,0,39732,1581,415,14,13,7,8,36,15.7,20,18,27350,49
24/09/2016,Wolves,Brentford,D,0,0,30852,1062,345,10,6,8,11,110,16.2,25,20,20637,30
27/09/2016,Barnsley,Aston Villa,E,1,0,23009,3413,270,7,17,9,5,74,15,25,25,15830,38
27/09/2016,Birmingham,Preston,E,1,0,30016,1437,230,6,19,11,9,96,15.8,15,24,15779,40
27/09/2016,Blackburn,Sheffield Wednesday,E,1,0,31367,2521,279,20,11,8,10,46,14.5,18,20,12844,35
27/09/2016,Brentford,Reading,E,1,0,12300,965,369,9,4,8,14,30,13.4,20,20,9679,35
27/09/2016,Bristol City,Leeds United,E,1,0,21497,2829,299,10,12,8,12,168,16.2,25,35,19699,41
27/09/2016,Burton Albion,QPR,E,1,0,6912,1158,255,18,16,6,5,109,16,20,28,3725,24
27/09/2016,Cardiff,Derby,E,1,0,28000,2137,299,21,22,4,2,123,16.1,18,17.6,14131,34
27/09/2016,Huddersfield,Rotherham,E,1,0,24500,1026,179,2,23,12,5,23,14.2,15,23,18808,30
27/09/2016,Ipswich,Brighton & Hove Albion,E,1,0,30311,1611,417,14,3,8,10,98,16.1,30,25,15228,40
27/09/2016,Nottm Forest,Fulham,E,1,0,30602,982,369,15,13,8,6,109,15.9,18,20,17388,35
27/09/2016,Wigan Athletic,Wolves,E,1,0,25133,1435,179,24,8,1,10,69,14.8,22,30,10723,30
28/09/2016,Newcastle,Norwich City,E,1,0,52404,1661,428,5,1,13,13,202,17.3,24,20,48236,37
01/10/2016,Birmingham,Blackburn,D,0,0,30016,1125,230,7,22,12,7,90,8.9,15,22,16781,40
01/10/2016,Brentford,Wigan Athletic,D,0,0,12300,1284,369,5,21,11,4,173,11.8,20,20,9547,35
01/10/2016,Bristol City,Nottm Forest,D,0,0,21497,1581,299,6,15,11,6,121,11.2,25,18,18922,41
01/10/2016,Burton Albion,Cardiff,D,0,0,6912,775,255,18,23,6,3,114,9.4,20,22,4426,24
01/10/2016,Fulham,QPR,D,0,0,25700,1158,254,12,16,6,6,2,12.7,25,28,19609,45
01/10/2016,Ipswich,Huddersfield,D,0,0,30311,1095,417,13,1,8,12,165,12.2,30,20,16146,40
01/10/2016,Leeds United,Barnsley,D,0,0,37890,1177,398,14,10,9,10,16,10.4,30,23,27350,42
01/10/2016,Preston,Aston Villa,D,0,0,24500,3413,360,19,17,7,5,94,11.1,24,25,17696,30
01/10/2016,Reading,Derby,D,0,0,24161,2137,325,9,20,13,4,105,10.9,20,17.6,17002,35
01/10/2016,Rotherham,Newcastle,D,0,0,12021,3140,355,24,3,2,13,108,7.1,25,24,11653,27
01/10/2016,Sheffield Wednesday,Brighton & Hove Albion,D,0,0,39732,1611,415,8,4,13,10,186,9.7,20,25,25605,49
01/10/2016,Wolves,Norwich City,D,0,0,30852,1661,345,11,2,7,12,146,10.8,25,20,18793,30
14/10/2016,Cardiff,Bristol City,E,1,0,28000,1233,299,23,5,3,11,24,10.4,18,25,22776,34
14/10/2016,Nottm Forest,Birmingham,E,1,0,30602,1841,369,18,6,3,12,44,11.1,18,15,19208,35
15/10/2016,Aston Villa,Wolves,D,0,0,42788,1435,325,19,12,5,7,13,11.5,20,30,32533,37
15/10/2016,Barnsley,Fulham,D,0,0,23009,982,270,10,14,7,3,153,10.7,25,20,11974,38
15/10/2016,Blackburn,Ipswich,D,0,0,31367,1384,279,22,16,7,5,191,11.1,18,10,10820,35
15/10/2016,Brighton & Hove Albion,Preston,D,0,0,30750,1437,475,4,17,13,10,230,14.4,25,24,27606,42
15/10/2016,Derby,Leeds United,D,0,0,33597,2829,319,20,11,5,12,60,11.6,17.6,35,31170,33
15/10/2016,Newcastle,Brentford,D,0,0,52404,1062,428,3,7,13,11,247,11.8,24,20,51885,37
15/10/2016,Norwich City,Rotherham,D,0,0,26034,1026,499.5,2,24,15,2,125,13.4,20,23,26813,40
15/10/2016,QPR,Reading,D,0,0,18439,965,400,13,8,6,11,33,13.1,29,20,15048,38
15/10/2016,Wigan Athletic,Burton Albion,D,0,0,25133,594,179,21,15,5,6,66,12.3,22,20,10430,30
16/10/2016,Huddersfield,Sheffield Wednesday,D,0,0,24500,2521,179,1,9,12,12,20,10.2,15,20,22368,30
18/10/2016,Barnsley,Newcastle,E,1,0,23009,3140,270,11,2,4,13,99,9.9,25,24,18597,38
18/10/2016,Birmingham,Rotherham,E,1,0,30016,1026,230,6,24,9,1,69,10.8,15,23,16404,40
18/10/2016,Blackburn,Nottm Forest,E,1,0,31367,1581,279,23,15,7,5,78,9.8,18,18,10462,35
18/10/2016,Brighton & Hove Albion,Wolves,E,1,0,30750,1435,475,4,12,14,7,149,12.6,25,30,25231,42
18/10/2016,Derby,Brentford,E,1,0,33597,1062,319,19,9,8,8,110,10.3,17.6,20,26707,33
18/10/2016,Fulham,Norwich City,E,1,0,25700,1661,254,10,1,6,15,103,11.3,25,20,17082,45
18/10/2016,Ipswich,Burton Albion,E,1,0,30311,594,417,17,16,6,6,129,9.9,30,20,15816,40
18/10/2016,Leeds United,Wigan Athletic,E,1,0,37890,1284,398,13,22,12,6,48,9.4,30,20,19861,42
18/10/2016,QPR,Bristol City,E,1,0,18439,1233,400,14,5,6,10,103,11.7,29,25,12552,38
18/10/2016,Reading,Aston Villa,E,1,0,24161,3413,325,8,20,9,5,84,8.1,20,25,20331,35
19/10/2016,Cardiff,Sheffield Wednesday,E,1,0,28000,2521,299,21,7,6,12,151,10,18,20,15887,34
19/10/2016,Preston,Huddersfield,E,1,0,24500,1095,360,18,3,11,9,39,10.9,24,20,12862,30
21/10/2016,Burton Albion,Birmingham,E,1,0,6912,1841,255,19,5,5,11,26,8.8,20,15,5818,24
22/10/2016,Aston Villa,Fulham,D,0,0,42788,982,325,18,11,7,6,101,8.4,20,20,32201,37
22/10/2016,Brentford,Barnsley,D,0,0,12300,1177,369,8,15,8,1,151,9.6,20,23,10417,35
22/10/2016,Bristol City,Blackburn,D,0,0,21497,1125,299,7,21,10,10,158,8.2,25,22,21452,41
22/10/2016,Huddersfield,Derby,D,0,0,24500,2137,179,4,20,9,9,53,7.8,15,17.6,19749,30
22/10/2016,Newcastle,Ipswich,D,0,0,52404,1384,428,1,12,13,6,232,8.6,24,10,51963,37
22/10/2016,Norwich City,Preston,D,0,0,26034,1437,499.5,2,13,13,11,184,10.4,20,24,26239,40
22/10/2016,Nottm Forest,Cardiff,D,0,0,30602,775,369,17,22,4,7,133,9.1,18,22,16539,35
22/10/2016,Rotherham,Reading,D,0,0,12021,965,355,24,10,0,8,140,-17.8,25,20,8800,27
22/10/2016,Sheffield Wednesday,QPR,D,0,0,39732,1158,415,6,9,10,9,142,8.9,20,28,25903,49
22/10/2016,Wigan Athletic,Brighton & Hove Albion,D,0,0,25133,1611,179,23,3,7,14,215,8.6,22,25,10430,30
22/10/2016,Wolves,Leeds United,D,0,0,30852,2829,345,16,14,7,10,86,8.4,25,35,23607,30
28/10/2016,QPR,Brentford,E,1,0,18439,1062,400,13,11,9,5,3,14.7,29,20,16888,38
29/10/2016,Barnsley,Bristol City,D,0,0,23009,1233,270,12,6,4,12,154,13.7,25,25,11869,38
29/10/2016,Blackburn,Wolves,D,0,0,31367,1435,279,22,18,7,4,80,12.6,18,30,10652,35
29/10/2016,Brighton & Hove Albion,Norwich City,D,0,0,30750,1661,475,2,4,14,10,136,14.4,25,20,29469,42
29/10/2016,Cardiff,Wigan Athletic,D,0,0,28000,1284,299,20,23,10,6,144,12.6,18,20,15969,34
29/10/2016,Derby,Sheffield Wednesday,D,0,0,33597,2521,319,21,5,8,13,34,13.8,17.6,20,30064,33
29/10/2016,Fulham,Huddersfield,D,0,0,25700,1095,254,14,3,5,9,164,14.4,25,20,19858,45
29/10/2016,Ipswich,Rotherham,D,0,0,30311,1026,417,17,24,5,0,142,13.7,30,23,15247,40
29/10/2016,Leeds United,Burton Albion,D,0,0,37890,594,398,10,15,10,8,66,13.2,30,20,24220,42
29/10/2016,Preston,Newcastle,D,0,0,24500,3140,360,9,1,14,16,94,13,24,24,20724,30
29/10/2016,Reading,Nottm Forest,D,0,0,24161,1581,325,8,19,8,4,105,13.4,20,18,17093,35
30/10/2016,Birmingham,Aston Villa,D,0,0,30016,3413,230,7,16,8,9,2,12.3,15,25,29656,40
04/11/2016,Brentford,Fulham,E,1,0,12300,982,369,10,11,8,8,4,8.1,20,20,12052,35
05/11/2016,Aston Villa,Blackburn,D,0,0,42788,1125,325,15,23,9,5,88,5.8,20,22,29712,37
05/11/2016,Bristol City,Brighton & Hove Albion,D,0,0,21497,1611,299,6,2,10,14,118,1.6,25,25,19096,41
05/11/2016,Burton Albion,Barnsley,D,0,0,6912,1177,255,18,12,8,5,51,6,20,23,4913,24
05/11/2016,Huddersfield,Birmingham,D,0,0,24500,1841,179,3,7,9,8,81,3.7,15,15,20200,30
05/11/2016,Newcastle,Cardiff,D,0,0,52404,775,428,1,21,18,7,250,5.3,24,22,51257,37
05/11/2016,Norwich City,Leeds United,D,0,0,26034,2829,499.5,4,9,7,10,144,5.2,20,35,26903,40
05/11/2016,Nottm Forest,QPR,D,0,0,30602,1158,369,20,14,4,8,106,6.1,18,28,20043,35
05/11/2016,Rotherham,Preston,D,0,0,12021,1437,355,24,13,1,11,60,-17.8,25,24,10013,27
05/11/2016,Sheffield Wednesday,Ipswich,D,0,0,39732,1384,415,8,16,10,6,145,6.1,20,10,25851,49
05/11/2016,Wigan Athletic,Reading,D,0,0,25133,965,179,22,5,9,8,163,5.7,22,20,10277,30
05/11/2016,Wolves,Derby,D,0,0,30852,2137,345,17,19,2,11,37,5.9,25,17.6,19858,30
18/11/2016,Brighton & Hove Albion,Aston Villa,E,1,0,30750,3413,475,2,14,16,11,138,13.2,25,25,30107,42
19/11/2016,Barnsley,Wigan Athletic,D,0,0,23009,1284,270,13,22,5,6,49,5.5,25,20,12181,38
19/11/2016,Birmingham,Bristol City,D,0,0,30016,1233,230,7,9,8,7,79,4.5,15,25,18586,40
19/11/2016,Blackburn,Brentford,D,0,0,31367,1062,279,23,12,5,5,180,2.9,18,20,10506,35
19/11/2016,Cardiff,Huddersfield,D,0,0,28000,1095,299,21,3,7,7,161,3.1,18,20,15930,34
19/11/2016,Derby,Rotherham,D,0,0,33597,1026,319,16,24,11,1,36,4.4,17.6,23,28191,33
19/11/2016,Fulham,Sheffield Wednesday,D,0,0,25700,2521,254,8,10,10,7,144,5.4,25,20,20255,45
19/11/2016,Ipswich,Nottm Forest,D,0,0,30311,1581,417,15,20,8,4,114,4.6,30,18,15417,40
19/11/2016,Preston,Wolves,D,0,0,24500,1435,360,11,19,13,2,85,3.2,24,30,12683,30
19/11/2016,QPR,Norwich City,D,0,0,18439,1661,400,17,5,8,7,101,5.2,29,20,17187,38
19/11/2016,Reading,Burton Albion,D,0,0,24161,594,325,4,18,11,8,101,4.6,20,20,15545,35
20/11/2016,Leeds United,Newcastle,D,0,0,37890,3140,398,6,1,13,18,83,3.3,30,24,36002,42
25/11/2016,Barnsley,Nottm Forest,E,1,0,23009,1581,270,15,18,6,7,44,6.2,25,18,13180,38
26/11/2016,Aston Villa,Cardiff,D,0,0,42788,775,325,16,21,12,10,90,4.8,20,22,31484,37
26/11/2016,Brentford,Birmingham,D,0,0,12300,1841,369,14,5,4,8,96,9.1,20,15,10925,35
26/11/2016,Brighton & Hove Albion,Fulham,D,0,0,30750,982,475,2,8,14,11,43,7.3,25,20,29445,42
26/11/2016,Derby,Norwich City,D,0,0,33597,1661,319,12,6,13,4,117,3.6,17.6,20,29311,33
26/11/2016,Ipswich,QPR,D,0,0,30311,1158,417,17,13,8,8,70,5.4,30,28,16510,40
26/11/2016,Newcastle,Blackburn,D,0,0,52404,1125,428,1,22,18,8,93,1.6,24,22,52092,37
26/11/2016,Preston,Burton Albion,D,0,0,24500,594,360,11,20,11,5,79,1.1,24,20,10696,30
26/11/2016,Reading,Bristol City,D,0,0,24161,1233,325,3,10,13,4,71,7.3,20,25,18778,35
26/11/2016,Rotherham,Leeds United,D,0,0,12021,2829,355,24,7,1,10,26,7.3,25,35,10513,27
26/11/2016,Wolves,Sheffield Wednesday,D,0,0,30852,2521,345,19,9,3,8,63,5.1,25,20,27293,30
28/11/2016,Huddersfield,Wigan Athletic,E,1,0,24500,1284,179,4,23,4,6,37,2.9,15,20,18943,30
01/12/2016,QPR,Wolves,E,1,0,18439,1435,400,15,21,7,2,111,3.6,29,30,12222,38
02/12/2016,Nottm Forest,Newcastle,E,1,0,30602,3140,369,17,1,7,15,142,6,18,24,21317,35
03/12/2016,Birmingham,Barnsley,D,0,0,30016,1177,230,4,18,11,6,76,3.8,15,23,17072,40
03/12/2016,Blackburn,Huddersfield,D,0,0,31367,1095,279,20,6,10,4,30,4.9,18,20,12034,35
03/12/2016,Bristol City,Ipswich,D,0,0,21497,1384,299,13,14,4,10,167,4.4,25,10,18309,41
03/12/2016,Burton Albion,Rotherham,D,0,0,6912,1026,255,19,24,5,1,43,5.7,20,23,4446,24
03/12/2016,Cardiff,Brighton & Hove Albion,D,0,0,28000,1611,299,23,2,7,16,141,5.9,18,25,16168,34
03/12/2016,Fulham,Reading,D,0,0,25700,965,254,10,3,8,15,33,7.5,25,20,18217,45
03/12/2016,Leeds United,Aston Villa,D,0,0,37890,3413,398,5,11,13,14,89,6.3,30,25,32648,42
03/12/2016,Norwich City,Brentford,D,0,0,26034,1062,499.5,8,16,1,4,104,6.2,20,20,26076,40
03/12/2016,Sheffield Wednesday,Preston,D,0,0,39732,1437,415,7,12,8,11,55,4.8,20,24,24843,49
03/12/2016,Wigan Athletic,Derby,D,0,0,25133,2137,179,22,9,8,13,66,4.4,22,17.6,12526,30
09/12/2016,Brighton & Hove Albion,Leeds United,E,1,0,30750,2829,475,2,4,14,15,211,12.4,25,35,28206,42
10/12/2016,Aston Villa,Wigan Athletic,D,0,0,42788,1284,325,15,23,11,7,78,9,20,20,29392,37
10/12/2016,Barnsley,Norwich City,D,0,0,23009,1661,270,12,7,9,3,132,10.2,25,20,12306,38
10/12/2016,Brentford,Burton Albion,D,0,0,12300,594,369,18,19,3,8,108,12.7,20,20,9035,35
10/12/2016,Huddersfield,Bristol City,D,0,0,24500,1233,179,8,11,5,7,157,8.5,15,25,18333,30
10/12/2016,Ipswich,Cardiff,D,0,0,30311,775,417,16,22,7,7,190,9.6,30,22,15042,40
10/12/2016,Newcastle,Birmingham,D,0,0,52404,1841,428,1,5,12,8,173,8.2,24,15,52145,37
10/12/2016,Preston,Blackburn,D,0,0,24500,1125,360,14,21,8,8,9,9.2,24,22,14527,30
10/12/2016,Reading,Sheffield Wednesday,D,0,0,24161,2521,325,3,6,15,10,139,7.3,20,20,18153,35
10/12/2016,Rotherham,QPR,D,0,0,12021,1158,355,24,17,1,4,141,10.7,25,28,8704,27
10/12/2016,Wolves,Fulham,D,0,0,30852,982,345,20,10,5,10,113,9.2,25,20,19020,30
11/12/2016,Derby,Nottm Forest,D,0,0,33597,1581,319,9,13,15,10,13,7.3,17.6,18,32600,33
13/12/2016,Birmingham,Ipswich,E,1,0,30016,1384,230,8,17,8,8,131,8.2,15,10,15212,40
13/12/2016,Blackburn,Brighton & Hove Albion,E,1,0,31367,1611,279,21,2,8,14,223,9.8,18,25,9976,35
13/12/2016,Bristol City,Brentford,E,1,0,21497,1062,299,14,15,4,6,100,10.9,25,20,16444,41
13/12/2016,Burton Albion,Huddersfield,E,1,0,6912,1095,255,20,4,5,5,58,9.3,20,20,4564,24
13/12/2016,Cardiff,Wolves,E,1,0,28000,1435,299,22,19,5,6,88,9.1,18,30,14853,34
13/12/2016,Fulham,Rotherham,E,1,0,25700,1026,254,10,24,11,4,143,10.7,25,23,13735,45
13/12/2016,Leeds United,Reading,E,1,0,37890,965,398,6,3,12,15,165,8.6,30,20,21242,42
13/12/2016,Norwich City,Aston Villa,E,1,0,26034,3413,499.5,9,13,3,11,135,9.2,20,25,26044,40
13/12/2016,Sheffield Wednesday,Barnsley,E,1,0,39732,1177,415,7,11,7,9,10,9.7,20,23,27248,49
14/12/2016,Nottm Forest,Preston,E,1,0,30602,1437,369,16,12,10,8,86,8.2,18,24,15864,35
14/12/2016,QPR,Derby,E,1,0,18439,2137,400,18,5,4,18,110,11.1,29,17.6,12371,38
14/12/2016,Wigan Athletic,Newcastle,E,1,0,25133,3140,179,23,1,7,12,108,8.6,22,24,14562,30
16/12/2016,Norwich City,Huddersfield,E,1,0,26034,1095,499.5,9,4,6,8,147,7.7,20,20,25275,40
17/12/2016,Birmingham,Brighton & Hove Albion,D,0,0,30016,1611,230,8,2,10,14,136,7.1,15,25,17287,40
17/12/2016,Blackburn,Reading,D,0,0,31367,965,279,22,3,7,12,172,6.1,18,20,10982,35
17/12/2016,Bristol City,Preston,D,0,0,21497,1437,299,15,11,3,9,161,6.7,25,24,18619,41
17/12/2016,Burton Albion,Newcastle,D,0,0,6912,3140,255,21,1,5,12,149,7.9,20,24,6665,24
17/12/2016,Cardiff,Barnsley,D,0,0,28000,1177,299,19,12,8,8,160,6.7,18,23,14754,34
17/12/2016,Fulham,Derby,D,0,0,25700,2137,254,10,5,11,18,112,7.6,25,17.6,18748,45
17/12/2016,Leeds United,Brentford,D,0,0,37890,1062,398,6,14,12,6,167,6.4,30,20,25134,42
17/12/2016,Nottm Forest,Wolves,D,0,0,30602,1435,369,16,20,11,5,49,6.3,18,30,19037,35
17/12/2016,Sheffield Wednesday,Rotherham,D,0,0,39732,1026,415,7,24,10,3,6,5.7,20,23,27242,49
17/12/2016,Wigan Athletic,Ipswich,D,0,0,25133,1384,179,23,17,4,7,190,4.9,22,10,10071,30
18/12/2016,QPR,Aston Villa,D,0,0,18439,3413,400,18,13,4,10,99,7.6,29,25,16285,38
26/12/2016,Aston Villa,Burton Albion,E,1,1,42788,594,325,13,21,10,4,24,5.6,20,20,41337,37
26/12/2016,Barnsley,Blackburn,E,1,1,23009,1125,270,12,22,10,7,44,6.3,25,22,14192,38
26/12/2016,Brentford,Cardiff,E,1,1,12300,775,369,14,20,6,8,124,7.5,20,22,11098,35
26/12/2016,Huddersfield,Nottm Forest,E,1,1,24500,1581,179,4,17,10,10,56,4.9,15,18,22100,30
26/12/2016,Ipswich,Fulham,E,1,1,30311,982,417,15,9,7,9,71,7.4,30,20,19723,40
26/12/2016,Newcastle,Sheffield Wednesday,E,1,1,52404,2521,428,1,6,12,13,108,5.2,24,20,52179,37
26/12/2016,Preston,Leeds United,E,1,1,24500,2829,360,11,5,9,12,46,7.2,24,35,21255,30
26/12/2016,Reading,Norwich City,E,1,1,24161,1661,325,3,10,12,6,128,7.3,20,20,21180,35
26/12/2016,Rotherham,Wigan Athletic,E,1,1,12021,1284,355,24,23,3,4,54,7.8,25,20,10158,27
26/12/2016,Wolves,Bristol City,E,1,1,30852,1233,345,18,16,8,3,82,6.2,25,25,24669,30
27/12/2016,Brighton & Hove Albion,QPR,E,1,1,30750,1158,475,2,19,14,3,45,6.2,25,28,30176,42
27/12/2016,Derby,Birmingham,E,1,1,33597,1841,319,7,8,16,9,35,1.8,17.6,15,32616,33
29/12/2016,Aston Villa,Leeds United,E,1,0,42788,2829,325,10,5,12,15,89,1.9,20,35,37078,37
29/12/2016,Rotherham,Burton Albion,E,1,0,12021,594,355,24,21,6,4,43,5.7,25,20,9806,27
30/12/2016,Ipswich,Bristol City,E,1,0,30311,1233,417,16,17,7,3,167,1.3,30,25,15640,40
30/12/2016,Newcastle,Nottm Forest,E,1,0,52404,1581,428,2,18,9,7,142,8.7,24,18,52228,37
31/12/2016,Barnsley,Birmingham,D,0,0,23009,1841,270,9,11,12,6,76,9.6,25,15,13397,38
31/12/2016,Brentford,Norwich City,D,0,0,12300,1661,369,14,12,7,6,104,6.8,20,20,9377,35
31/12/2016,Derby,Wigan Athletic,D,0,0,33597,1284,319,7,23,16,3,66,7.9,17.6,20,28289,33
31/12/2016,Huddersfield,Blackburn,D,0,0,24500,1125,179,4,22,13,4,30,8.1,15,22,21311,30
31/12/2016,Preston,Sheffield Wednesday,D,0,0,24500,2521,360,13,6,8,15,55,9.3,24,20,14802,30
31/12/2016,Wolves,QPR,D,0,0,30852,1158,345,15,20,10,0,111,6.5,25,28,21132,30
02/01/2017,Birmingham,Brentford,E,1,0,30016,1062,230,11,15,4,8,96,1.9,15,20,18030,40
02/01/2017,Blackburn,Newcastle,E,1,0,31367,3140,279,22,2,2,12,93,1.6,18,24,18524,35
02/01/2017,Bristol City,Reading,E,1,0,21497,965,299,17,3,3,12,71,2.1,25,20,20074,41
02/01/2017,Burton Albion,Preston,E,1,0,6912,1437,255,20,13,6,8,79,2.4,20,24,5144,24
02/01/2017,Cardiff,Aston Villa,E,1,0,28000,3413,299,21,10,6,12,90,2.7,18,25,21391,34
02/01/2017,Fulham,Brighton & Hove Albion,E,1,0,25700,1611,254,8,1,11,16,43,3.4,25,25,24300,45
02/01/2017,Leeds United,Rotherham,E,1,0,37890,1026,398,5,24,13,6,26,1.9,30,23,33397,42
02/01/2017,Norwich City,Derby,E,1,0,26034,2137,499.5,12,7,7,14,117,3.1,20,17.6,26422,40
02/01/2017,Nottm Forest,Barnsley,E,1,0,30602,1177,369,18,9,4,13,44,2.6,18,23,22105,35
02/01/2017,QPR,Ipswich,E,1,0,18439,1384,400,19,14,3,7,70,4.3,29,10,15136,38
02/01/2017,Sheffield Wednesday,Wolves,E,1,0,39732,1435,415,6,16,13,10,63,2.3,20,30,30549,49
02/01/2017,Wigan Athletic,Huddersfield,E,1,0,25133,1095,179,23,4,1,14,37,2.5,22,20,13480,30
12/01/2017,Reading,QPR,E,1,0,24161,1158,325,3,17,12,3,33,3.4,20,28,12655,35
13/01/2017,Leeds United,Derby,E,1,0,37890,2137,398,5,7,13,11,60,2,30,17.6,25546,42
14/01/2017,Birmingham,Nottm Forest,D,0,0,30016,1581,230,13,20,4,1,44,1.8,15,18,18041,40
14/01/2017,Brentford,Newcastle,D,0,0,12300,3140,369,14,2,11,12,247,8.2,20,24,11435,35
14/01/2017,Bristol City,Cardiff,D,0,0,21497,775,299,18,19,0,11,24,4.6,25,22,19452,41
14/01/2017,Burton Albion,Wigan Athletic,D,0,0,6912,1284,255,21,23,3,1,66,3.7,20,20,4411,24
14/01/2017,Fulham,Barnsley,D,0,0,25700,1177,254,10,8,11,13,153,3,25,23,18010,45
14/01/2017,Ipswich,Blackburn,D,0,0,30311,1125,417,15,22,7,4,191,1.7,30,22,15006,40
14/01/2017,Preston,Brighton & Hove Albion,D,0,0,24500,1611,360,11,1,11,15,230,4.3,24,25,11391,30
14/01/2017,Rotherham,Norwich City,D,0,0,12021,1661,355,24,9,6,7,125,4.8,25,20,10000,27
14/01/2017,Sheffield Wednesday,Huddersfield,D,0,0,39732,1095,415,6,4,11,16,20,3.8,20,20,28173,49
14/01/2017,Wolves,Aston Villa,D,0,0,30852,3413,345,16,12,8,10,13,3.2,25,25,27255,30
20/01/2017,Brighton & Hove Albion,Sheffield Wednesday,E,1,0,30750,2521,475,1,6,15,11,186,3.7,25,20,27162,42
21/01/2017,Aston Villa,Preston,D,0,0,42788,1437,325,13,9,7,11,94,0.7,20,24,32415,37
21/01/2017,Barnsley,Leeds United,D,0,0,23009,2829,270,10,4,10,16,16,5.6,25,35,17817,38
21/01/2017,Blackburn,Birmingham,D,0,0,31367,1841,279,22,12,4,5,90,3.1,18,15,12035,35
21/01/2017,Cardiff,Burton Albion,D,0,0,28000,594,299,18,21,11,3,114,1.6,18,20,15547,34
21/01/2017,Derby,Reading,D,0,0,33597,965,319,7,3,8,9,105,2.3,17.6,20,28393,33
21/01/2017,Huddersfield,Ipswich,D,0,0,24500,1384,179,5,14,13,9,165,2.2,15,10,19113,30
21/01/2017,Newcastle,Rotherham,D,0,0,52404,1026,428,2,24,12,6,108,2.6,24,23,52208,37
21/01/2017,Norwich City,Wolves,D,0,0,26034,1435,499.5,11,16,7,10,146,1.8,20,30,26303,40
21/01/2017,Nottm Forest,Bristol City,D,0,0,30602,1233,369,20,19,2,0,121,1.5,18,25,17418,35
21/01/2017,QPR,Fulham,D,0,0,18439,982,400,17,8,9,11,2,3.6,29,20,17025,38
21/01/2017,Wigan Athletic,Brentford,D,0,0,25133,1062,179,23,15,4,8,173,2.2,22,20,10244,30
24/01/2017,Brighton & Hove Albion,Cardiff,E,1,0,30750,775,475,1,19,15,13,141,5.1,25,22,26688,42
24/01/2017,Reading,Fulham,E,1,0,24161,982,325,3,8,9,11,33,3.8,20,20,16012,35
25/01/2017,Leeds United,Nottm Forest,E,1,0,37890,1581,398,5,19,13,4,61,4.2,30,18,24838,42
28/01/2017,Norwich City,Birmingham,D,0,0,26034,1841,499.5,10,12,7,3,134,6.7,20,15,25678,40
28/01/2017,Preston,Ipswich,D,0,0,24500,1384,360,11,14,11,9,200,4.3,24,10,10656,30
28/01/2017,QPR,Burton Albion,D,0,0,18439,594,400,17,22,10,3,109,7.8,29,20,12116,38
28/01/2017,Reading,Cardiff,D,0,0,24161,775,325,3,16,12,10,95,6.6,20,22,18558,35
28/01/2017,Rotherham,Barnsley,D,0,0,12021,1177,355,24,8,6,13,10,5.9,25,23,11050,27
31/01/2017,Barnsley,Wolves,E,1,0,23009,1435,270,7,18,13,10,72,5.8,25,30,11808,38
31/01/2017,Birmingham,Reading,E,1,0,30016,965,230,13,3,3,12,82,7.7,15,20,16672,40
31/01/2017,Brentford,Aston Villa,E,1,0,12300,3413,369,14,12,5,8,98,8.2,20,25,10016,35
31/01/2017,Bristol City,Sheffield Wednesday,E,1,0,21497,2521,299,20,6,0,11,144,10.3,25,20,17438,41
31/01/2017,Cardiff,Preston,E,1,0,28000,1437,299,17,11,10,9,160,10.4,18,24,13894,34
31/01/2017,Ipswich,Derby,E,1,0,30311,2137,417,16,8,7,10,125,4.6,30,17.6,14719,40
31/01/2017,Nottm Forest,Rotherham,E,1,0,30602,1026,369,19,24,4,6,35,6.2,18,23,15770,35
01/02/2017,Blackburn,Leeds United,E,1,1,31367,2829,279,22,5,5,13,38,9.7,18,35,17026,35
01/02/2017,Burton Albion,Fulham,E,1,1,6912,982,255,21,10,6,10,111,9.7,20,20,3725,24
01/02/2017,Newcastle,QPR,E,1,1,52404,1158,428,1,15,12,10,247,7.2,24,28,47907,37
02/02/2017,Huddersfield,Brighton & Hove Albion,E,1,0,24500,1611,179,4,2,13,15,206,9.1,15,25,20104,30
03/02/2017,Wigan Athletic,Sheffield Wednesday,E,1,0,25133,2521,179,21,7,7,11,49,7.3,22,20,13037,30
04/02/2017,Barnsley,Preston,D,0,0,23009,1437,270,10,11,10,9,52,5.1,25,24,12590,38
04/02/2017,Birmingham,Fulham,D,0,0,30016,982,230,14,8,3,7,99,5.6,15,20,17426,40
04/02/2017,Blackburn,QPR,D,0,0,31367,1158,279,22,15,5,10,180,5.5,18,28,10846,35
04/02/2017,Bristol City,Rotherham,D,0,0,21497,1026,299,20,24,1,6,147,5.7,25,23,18737,41
04/02/2017,Burton Albion,Wolves,D,0,0,6912,1435,255,23,17,6,7,28,5.7,20,30,5608,24
04/02/2017,Cardiff,Norwich City,D,0,0,28000,1661,299,16,9,12,13,207,5.2,18,20,15901,34
04/02/2017,Ipswich,Reading,D,0,0,30311,965,417,18,3,7,12,102,4.2,30,20,15091,40
04/02/2017,Newcastle,Derby,D,0,0,52404,2137,428,1,6,10,10,143,4.7,24,17.6,52231,37
04/02/2017,Nottm Forest,Aston Villa,D,0,0,30602,3413,369,19,13,7,2,43,5.4,18,25,19866,35
05/02/2017,Brentford,Brighton & Hove Albion,D,0,0,12300,1611,369,12,2,8,12,44,8.2,20,25,10433,35
05/02/2017,Huddersfield,Leeds United,D,0,0,24500,2829,179,4,5,13,13,12,3.8,15,35,22400,30
07/02/2017,Wigan Athletic,Norwich City,E,1,0,25133,1661,179,23,9,7,10,177,5.7,22,20,10193,30
10/02/2017,Sheffield Wednesday,Birmingham,E,1,0,39732,1841,415,6,13,9,3,66,2,20,15,24805,49
11/02/2017,Aston Villa,Ipswich,D,0,0,42788,1384,325,14,17,2,7,132,1.8,20,10,30796,37
11/02/2017,Brighton & Hove Albion,Burton Albion,D,0,0,30750,594,475,2,22,10,6,151,2,25,20,29464,42
11/02/2017,Derby,Bristol City,D,0,0,33597,1233,319,8,20,7,4,114,2.1,17.6,25,28043,33
11/02/2017,Fulham,Wigan Athletic,D,0,0,25700,1284,254,10,23,7,8,176,2.8,25,20,15552,45
11/02/2017,Leeds United,Cardiff,D,0,0,37890,775,398,5,18,12,9,173,1.9,30,22,31516,42
11/02/2017,Norwich City,Nottm Forest,D,0,0,26034,1581,499.5,7,16,13,10,105,2.4,20,18,26831,40
11/02/2017,Preston,Brentford,D,0,0,24500,1062,360,11,12,9,7,187,3.6,24,20,10130,30
11/02/2017,QPR,Huddersfield,D,0,0,18439,1095,400,15,3,8,15,162,2.3,29,20,14044,38
11/02/2017,Reading,Barnsley,D,0,0,24161,1177,325,4,9,10,10,149,2.1,20,23,16222,35
11/02/2017,Rotherham,Blackburn,D,0,0,12021,1125,355,24,21,3,8,51,2.6,25,22,9438,27
11/02/2017,Wolves,Newcastle,D,0,0,30852,3140,345,19,1,7,13,166,1.9,25,24,24876,30
14/02/2017,Aston Villa,Barnsley,E,1,0,42788,1177,325,14,10,1,10,74,4.6,20,23,26435,37
14/02/2017,Brighton & Hove Albion,Ipswich,E,1,0,30750,1384,475,2,15,10,5,98,8.5,25,10,26360,42
14/02/2017,Derby,Cardiff,E,1,0,33597,775,319,8,16,7,9,123,5.1,17.6,22,26541,33
14/02/2017,Fulham,Nottm Forest,E,1,0,25700,1581,254,9,18,10,10,109,7.3,25,18,15365,45
14/02/2017,Leeds United,Bristol City,E,1,0,37890,1233,398,5,20,9,5,168,4.5,30,25,22402,42
14/02/2017,Norwich City,Newcastle,E,1,0,26034,3140,499.5,7,1,13,14,202,6.8,20,24,26841,40
14/02/2017,Preston,Birmingham,E,1,0,24500,1841,360,11,13,9,5,96,6.2,24,15,10233,30
14/02/2017,Reading,Brentford,E,1,0,24161,1062,325,4,12,11,4,30,6.6,20,20,15710,35
14/02/2017,Rotherham,Huddersfield,E,1,0,12021,1095,355,24,3,4,15,23,5.3,25,20,10114,27
14/02/2017,Sheffield Wednesday,Blackburn,E,1,0,39732,1125,415,6,21,11,8,46,4.5,20,22,24603,49
14/02/2017,Wolves,Wigan Athletic,E,1,0,30852,1284,345,19,23,7,7,69,4.8,25,20,17156,30
18/02/2017,Barnsley,Brighton & Hove Albion,D,0,0,23009,1611,270,9,2,11,11,195,9.3,25,25,12743,38
18/02/2017,Birmingham,QPR,D,0,0,30016,1158,230,15,17,4,5,97,7.3,15,28,20265,40
18/02/2017,Burton Albion,Norwich City,D,0,0,6912,1661,255,21,7,6,13,124,8.1,20,20,5263,24
18/02/2017,Cardiff,Rotherham,D,0,0,28000,1026,299,12,24,9,1,155,9.3,18,23,15650,34
18/02/2017,Ipswich,Leeds United,D,0,0,30311,2829,417,14,5,6,9,165,7.1,30,35,18748,40
18/02/2017,Nottm Forest,Sheffield Wednesday,D,0,0,30602,2521,369,18,6,9,13,36,24.5,18,20,20164,35
18/02/2017,Wigan Athletic,Preston,D,0,0,25133,1437,179,23,11,10,9,16,9.1,22,24,15117,30
20/02/2017,Newcastle,Aston Villa,E,1,0,52404,3413,428,1,16,14,1,171,11.6,24,25,50024,37
21/02/2017,Derby,Burton Albion,E,1,0,33597,594,319,7,22,7,6,10,10.6,17.6,20,31081,33
21/02/2017,Huddersfield,Reading,E,1,0,24500,965,179,3,4,15,11,158,7.8,15,20,19894,30
21/02/2017,QPR,Wigan Athletic,E,1,0,18439,1284,400,17,21,5,8,174,12,29,20,12101,38
21/02/2017,Sheffield Wednesday,Brentford,E,1,0,39732,1062,415,6,15,13,7,142,9.8,20,20,25014,49
22/02/2017,Bristol City,Fulham,E,1,0,21497,982,299,20,8,5,10,104,9.9,25,20,17272,41
24/02/2017,Burton Albion,Blackburn,E,1,0,6912,1125,255,20,21,10,8,72,5.5,20,22,5496,24
24/02/2017,Wolves,Birmingham,E,1,0,30852,1841,345,18,16,6,5,15,6.1,25,15,27541,30
25/02/2017,Aston Villa,Derby,D,0,0,42788,2137,325,17,11,1,8,34,8.2,20,17.6,30935,37
25/02/2017,Barnsley,Huddersfield,D,0,0,23009,1095,270,9,3,8,16,14,8.4,25,20,18075,38
25/02/2017,Brentford,Rotherham,D,0,0,12300,1026,369,14,24,7,1,141,8.2,20,23,9918,35
25/02/2017,Brighton & Hove Albion,Reading,D,0,0,30750,965,475,2,4,11,14,55,9.4,25,20,29613,42
25/02/2017,Cardiff,Fulham,D,0,0,28000,982,299,12,7,12,13,128,9.1,18,20,15656,34
25/02/2017,Leeds United,Sheffield Wednesday,D,0,0,37890,2521,398,5,6,10,13,26,7.6,30,20,35093,42
25/02/2017,Newcastle,Bristol City,D,0,0,52404,1233,428,1,22,14,5,248,9.2,24,25,52131,37
25/02/2017,Preston,QPR,D,0,0,24500,1158,360,10,15,9,7,188,8.3,24,28,10848,30
25/02/2017,Wigan Athletic,Nottm Forest,D,0,0,25133,1581,179,23,19,5,6,76,12.1,22,18,11254,30
26/02/2017,Norwich City,Ipswich,D,0,0,26034,1384,499.5,8,13,11,7,40,11.4,20,10,27107,40
28/02/2017,Aston Villa,Bristol City,E,1,0,42788,1233,325,13,20,3,6,80,3.9,20,25,28119,37
28/02/2017,Blackburn,Derby,E,1,0,31367,2137,279,22,10,6,8,71,3.3,18,17.6,10536,35
28/02/2017,Brighton & Hove Albion,Newcastle,E,1,0,30750,3140,475,1,2,11,12,292,6.1,25,24,30230,42
03/03/2017,Birmingham,Leeds United,E,1,0,30016,2829,230,14,4,6,10,91,6.3,15,35,20321,40
04/03/2017,Blackburn,Wigan Athletic,D,0,0,31367,1284,279,21,23,8,5,15,8.7,18,20,13165,35
04/03/2017,Bristol City,Burton Albion,D,0,0,21497,594,299,22,20,5,8,105,8.2,25,20,17914,41
04/03/2017,Derby,Barnsley,D,0,0,33597,1177,319,11,10,2,6,44,9.3,17.6,23,30280,33
04/03/2017,Fulham,Preston,D,0,0,25700,1437,254,7,9,13,9,190,10.2,25,24,20205,45
04/03/2017,Huddersfield,Newcastle,D,0,0,24500,3140,179,3,1,16,12,92,8.8,15,24,23213,30
04/03/2017,Ipswich,Brentford,D,0,0,30311,1062,417,16,13,7,8,73,8.6,30,20,15863,40
04/03/2017,Nottm Forest,Brighton & Hove Albion,D,0,0,30602,1611,369,19,2,7,11,151,10.1,18,25,22020,35
04/03/2017,QPR,Cardiff,D,0,0,18439,775,400,17,12,7,13,127,10.2,29,22,15103,38
04/03/2017,Reading,Wolves,D,0,0,24161,1435,325,5,18,8,1,95,9.3,20,30,18629,35
04/03/2017,Rotherham,Aston Villa,D,0,0,12021,3413,355,24,15,1,6,67,10.5,25,25,10720,27
04/03/2017,Sheffield Wednesday,Norwich City,D,0,0,39732,1661,415,6,8,12,9,129,9,20,20,28178,49
07/03/2017,Birmingham,Wigan Athletic,E,1,0,30016,1284,230,17,23,6,5,81,7.8,15,20,15596,40
07/03/2017,Blackburn,Cardiff,E,1,0,31367,775,279,20,12,11,13,158,6.3,18,22,10645,35
07/03/2017,Bristol City,Norwich City,E,1,0,21497,1661,299,22,8,3,6,187,7,25,20,17035,41
07/03/2017,Derby,Preston,E,1,0,33597,1437,319,10,9,5,11,79,6.9,17.6,24,26301,33
07/03/2017,Fulham,Leeds United,E,1,0,25700,2829,254,7,4,13,10,169,8.9,25,35,22239,45
07/03/2017,Huddersfield,Aston Villa,E,1,0,24500,3413,179,3,13,13,6,79,6.3,15,25,20584,30
07/03/2017,Ipswich,Wolves,E,1,0,30311,1435,417,15,19,8,4,145,6.8,30,30,15076,40
07/03/2017,Nottm Forest,Brentford,E,1,0,30602,1062,369,18,14,7,10,106,7.6,18,20,16903,35
07/03/2017,QPR,Barnsley,E,1,0,18439,1177,400,16,11,9,6,151,8.4,29,23,11635,38
07/03/2017,Reading,Newcastle,E,1,0,24161,3140,325,5,1,8,14,247,9.3,20,24,23121,35
07/03/2017,Rotherham,Brighton & Hove Albion,E,1,0,12021,1611,355,24,2,1,10,186,8.8,25,25,8366,27
07/03/2017,Sheffield Wednesday,Burton Albion,E,1,0,39732,594,415,6,21,12,9,41,7.1,20,20,24929,49
10/03/2017,Brighton & Hove Albion,Derby,E,1,0,30750,2137,475,2,10,10,5,154,9.6,25,17.6,27552,42
11/03/2017,Aston Villa,Sheffield Wednesday,D,0,0,42788,2521,325,15,6,9,10,64,12.3,20,20,31143,37
11/03/2017,Barnsley,Ipswich,D,0,0,23009,1384,270,11,16,5,8,151,11.7,25,10,11836,38
11/03/2017,Brentford,Huddersfield,D,0,0,12300,1095,369,12,3,10,13,162,8.2,20,20,11278,35
11/03/2017,Burton Albion,Nottm Forest,D,0,0,6912,1581,255,21,18,7,4,22,12.3,20,18,6115,24
11/03/2017,Cardiff,Birmingham,D,0,0,28000,1841,299,13,17,11,3,89,11.5,18,15,20334,34
11/03/2017,Leeds United,QPR,D,0,0,37890,1158,398,4,14,11,12,167,10.6,30,28,30870,42
11/03/2017,Newcastle,Fulham,D,0,0,52404,982,428,1,7,12,14,249,10.7,24,20,51903,37
11/03/2017,Norwich City,Blackburn,D,0,0,26034,1125,499.5,8,20,6,9,175,10.8,20,22,26224,40
11/03/2017,Preston,Reading,D,0,0,24500,965,360,9,5,11,8,178,11.1,24,20,10787,30
11/03/2017,Wigan Athletic,Bristol City,D,0,0,25133,1233,179,23,22,8,3,145,10.3,22,25,10787,30
11/03/2017,Wolves,Rotherham,D,0,0,30852,1026,345,19,24,1,1,67,11.8,25,23,20077,30
14/03/2017,Brentford,Wolves,E,1,0,12300,1435,369,13,19,10,7,110,8.2,20,30,8732,35
14/03/2017,Fulham,Blackburn,E,1,0,25700,1125,254,9,23,14,9,183,12.9,25,22,15487,45
17/03/2017,Bristol City,Huddersfield,E,1,1,21497,1095,299,22,3,6,10,157,7.5,25,20,16984,41
17/03/2017,Sheffield Wednesday,Reading,E,1,1,39732,965,415,6,5,7,7,139,8.7,20,20,26072,49
18/03/2017,Birmingham,Newcastle,D,0,0,30016,3140,230,17,1,4,11,173,14,15,24,19796,40
18/03/2017,Blackburn,Preston,D,0,0,31367,1437,279,21,8,10,11,9,10.7,18,24,18435,35
18/03/2017,Burton Albion,Brentford,D,0,0,6912,1062,255,19,14,10,10,108,12.9,20,20,4549,24
18/03/2017,Cardiff,Ipswich,D,0,0,28000,1384,299,13,16,9,6,190,10.4,18,10,15182,34
18/03/2017,Fulham,Wolves,D,0,0,25700,1435,254,7,18,12,10,113,13.1,25,30,20668,45
18/03/2017,Leeds United,Brighton & Hove Albion,D,0,0,37890,1611,398,4,2,12,12,211,11.5,30,25,29767,42
18/03/2017,Norwich City,Barnsley,D,0,0,26034,1177,499.5,9,11,4,5,132,13.4,20,23,26105,40
18/03/2017,Nottm Forest,Derby,D,0,0,30602,2137,369,20,10,4,5,13,13.5,18,17.6,26665,35
18/03/2017,QPR,Rotherham,D,0,0,18439,1026,400,15,24,13,0,141,12.7,29,23,13383,38
18/03/2017,Wigan Athletic,Aston Villa,D,0,0,25133,3413,179,23,12,5,12,78,11.3,22,25,14811,30
31/03/2017,Derby,QPR,E,1,0,33597,1158,319,10,15,5,13,110,14.2,17.6,28,27690,33
01/04/2017,Aston Villa,Norwich City,D,0,0,42788,1661,325,12,8,15,6,135,11.3,20,20,32605,37
01/04/2017,Barnsley,Sheffield Wednesday,D,0,0,23009,2521,270,11,6,2,4,10,10.6,25,20,18003,38
01/04/2017,Brentford,Bristol City,D,0,0,12300,1233,369,14,19,10,9,100,12.6,20,25,11360,35
01/04/2017,Brighton & Hove Albion,Blackburn,D,0,0,30750,1125,475,2,22,9,10,223,14.5,25,22,30216,42
01/04/2017,Huddersfield,Burton Albion,D,0,0,24500,594,179,3,21,10,10,58,10.9,15,20,20154,30
01/04/2017,Ipswich,Birmingham,D,0,0,30311,1841,417,17,18,5,5,131,12.3,30,15,16667,40
01/04/2017,Newcastle,Wigan Athletic,D,0,0,52404,1284,428,1,23,9,4,108,13.9,24,20,51849,37
01/04/2017,Preston,Nottm Forest,D,0,0,24500,1581,360,9,20,9,5,86,10.8,24,18,12459,30
01/04/2017,Reading,Leeds United,D,0,0,24161,2829,325,5,4,7,12,165,12.2,20,35,23055,35
01/04/2017,Rotherham,Fulham,D,0,0,12021,982,355,24,7,0,9,143,12.9,25,20,9004,27
01/04/2017,Wolves,Cardiff,D,0,0,30852,775,345,16,13,10,9,88,11.4,25,22,20519,30
04/04/2017,Aston Villa,QPR,E,1,0,42788,1158,325,11,15,15,10,99,10.8,20,28,27154,37
04/04/2017,Barnsley,Cardiff,E,1,0,23009,775,270,13,14,3,6,160,11.4,25,22,10814,38
04/04/2017,Brentford,Leeds United,E,1,0,12300,2829,369,12,5,10,11,167,13.1,20,35,10759,35
04/04/2017,Brighton & Hove Albion,Birmingham,E,1,0,30750,1841,475,2,18,9,6,136,13.4,25,15,28654,42
04/04/2017,Derby,Fulham,E,1,0,33597,982,319,10,6,8,11,112,10.3,17.6,20,27221,33
04/04/2017,Ipswich,Wigan Athletic,E,1,0,30311,1284,417,17,23,5,4,190,11.2,30,20,14661,40
04/04/2017,Preston,Bristol City,E,1,0,24500,1233,360,8,21,9,8,161,10.2,24,25,10224,30
04/04/2017,Reading,Blackburn,E,1,0,24161,1125,325,4,22,10,7,172,12.9,20,22,15353,35
04/04/2017,Rotherham,Sheffield Wednesday,E,1,0,12021,2521,355,24,7,0,5,6,12.2,25,20,10669,27
04/04/2017,Wolves,Nottm Forest,E,1,0,30852,1581,345,16,20,13,5,49,11.2,25,18,21408,30
05/04/2017,Huddersfield,Norwich City,E,1,0,24500,1661,179,3,9,7,6,147,-4.6,15,20,18706,30
05/04/2017,Newcastle,Burton Albion,E,1,0,52404,594,428,1,19,11,9,149,12.2,24,20,48814,37
07/04/2017,QPR,Brighton & Hove Albion,E,1,0,18439,1611,400,16,2,10,12,45,13.6,29,25,16503,38
08/04/2017,Birmingham,Derby,D,0,0,30016,2137,230,18,9,3,11,35,12.1,15,17.6,19381,40
08/04/2017,Blackburn,Barnsley,D,0,0,31367,1177,279,22,13,4,3,44,12.2,18,23,12347,35
08/04/2017,Bristol City,Wolves,D,0,0,21497,1435,299,21,15,8,15,82,13.3,25,30,20323,41
08/04/2017,Burton Albion,Aston Villa,D,0,0,6912,3413,255,19,11,8,15,24,12.1,20,25,6716,24
08/04/2017,Cardiff,Brentford,D,0,0,28000,1062,299,14,12,6,12,124,12.3,18,20,15861,34
08/04/2017,Fulham,Ipswich,D,0,0,25700,1384,254,7,17,8,7,71,16.3,25,10,20959,45
08/04/2017,Leeds United,Preston,D,0,0,37890,1437,398,5,8,8,9,46,9,30,24,31851,42
08/04/2017,Norwich City,Reading,D,0,0,26034,965,499.5,10,4,5,13,128,11.4,20,20,26163,40
08/04/2017,Nottm Forest,Huddersfield,D,0,0,30602,1095,369,20,3,5,9,56,12.6,18,20,20411,35
08/04/2017,Sheffield Wednesday,Newcastle,D,0,0,39732,3140,415,6,1,8,11,108,11.8,20,24,28883,49
08/04/2017,Wigan Athletic,Rotherham,D,0,0,25133,1026,179,23,24,3,0,54,10.6,22,23,10085,30
13/04/2017,Wigan Athletic,Barnsley,E,1,0,25133,1177,179,23,13,6,6,49,8.8,22,23,10838,30
14/04/2017,Brentford,Derby,E,1,1,12300,2137,369,12,8,9,11,110,12.4,20,17.6,11133,35
14/04/2017,Bristol City,QPR,E,1,1,21497,1158,299,21,16,10,7,103,10.2,25,28,20404,41
14/04/2017,Burton Albion,Ipswich,E,1,1,6912,1384,255,20,17,8,6,129,11.4,20,10,5236,24
14/04/2017,Huddersfield,Preston,E,1,1,24500,1437,179,3,9,9,9,39,8.6,15,24,21254,30
14/04/2017,Newcastle,Leeds United,E,1,1,52404,2829,428,2,5,8,8,83,11.2,24,35,52301,37
14/04/2017,Norwich City,Fulham,E,1,1,26034,982,499.5,10,7,8,10,103,10.7,20,20,27023,40
14/04/2017,Nottm Forest,Blackburn,E,1,1,30602,1125,369,19,22,5,3,78,13.4,18,22,26279,35
14/04/2017,Rotherham,Birmingham,E,1,1,12021,1841,355,24,18,0,3,69,12.4,25,15,10160,27
14/04/2017,Sheffield Wednesday,Cardiff,E,1,1,39732,775,415,6,14,8,9,151,10.8,20,22,28007,49
14/04/2017,Wolves,Brighton & Hove Albion,E,1,1,30852,1611,345,15,1,15,12,149,11.2,25,25,23221,30
15/04/2017,Aston Villa,Reading,D,0,0,42788,965,325,11,4,13,10,84,10.1,20,20,30742,37
17/04/2017,Barnsley,Brentford,E,1,1,23009,1062,270,13,11,6,12,151,8.8,25,20,25000,38
17/04/2017,Birmingham,Burton Albion,E,1,1,30016,594,230,19,21,4,7,26,8.4,15,20,19794,40
17/04/2017,Blackburn,Bristol City,E,1,1,31367,1233,279,22,18,5,12,158,8.1,18,25,13935,35
17/04/2017,Brighton & Hove Albion,Wigan Athletic,E,1,1,30750,1284,475,1,23,15,6,215,13.2,25,20,29940,42
17/04/2017,Cardiff,Nottm Forest,E,1,1,28000,1581,299,14,20,8,5,133,12.3,18,18,16413,34
17/04/2017,Derby,Huddersfield,E,1,1,33597,1095,319,8,3,10,7,53,8.4,17.6,20,29031,33
17/04/2017,Fulham,Aston Villa,E,1,1,25700,3413,254,7,12,10,13,101,11.9,25,25,23891,45
17/04/2017,Ipswich,Newcastle,E,1,1,30311,3140,417,15,2,8,8,232,9.3,30,24,25684,40
17/04/2017,Leeds United,Wolves,E,1,1,37890,1435,398,5,16,8,12,86,7.7,30,30,32351,42
17/04/2017,Preston,Norwich City,E,1,1,24500,1661,360,9,10,8,7,184,9.5,24,20,11373,30
17/04/2017,QPR,Sheffield Wednesday,E,1,1,18439,2521,400,17,6,4,10,142,11.1,29,20,15708,38
17/04/2017,Reading,Rotherham,E,1,1,24161,1026,325,4,24,12,1,140,12.2,20,23,16711,35
21/04/2017,Norwich City,Brighton & Hove Albion,E,1,0,26034,1611,499.5,8,1,9,15,136,11.5,20,25,26932,40
22/04/2017,Brentford,QPR,D,0,0,12300,1158,369,11,17,13,3,3,12.6,20,28,11888,35
22/04/2017,Bristol City,Barnsley,D,0,0,21497,1177,299,18,14,10,6,154,14,25,23,18617,41
22/04/2017,Burton Albion,Leeds United,D,0,0,6912,2829,255,19,7,7,7,66,11.2,20,35,6073,24
22/04/2017,Huddersfield,Fulham,D,0,0,24500,982,179,3,6,7,10,164,11.4,15,20,21023,30
22/04/2017,Nottm Forest,Reading,D,0,0,30602,965,369,21,4,5,15,105,11.3,18,20,20323,35
22/04/2017,Rotherham,Ipswich,D,0,0,12021,1384,355,24,15,1,10,142,11.5,25,10,8266,27
22/04/2017,Sheffield Wednesday,Derby,D,0,0,39732,2137,415,5,9,13,11,34,11,20,17.6,28889,49
22/04/2017,Wigan Athletic,Cardiff,D,0,0,25133,775,179,23,13,6,10,144,9.6,22,22,10875,30
22/04/2017,Wolves,Blackburn,D,0,0,30852,1125,345,16,22,12,5,80,12.3,25,22,20249,30
23/04/2017,Aston Villa,Birmingham,D,0,0,42788,1841,325,12,20,10,3,2,9.7,20,15,40884,37
24/04/2017,Newcastle,Preston,E,1,0,52404,1437,428,2,10,8,5,94,8.7,24,24,50212,37
25/04/2017,Wolves,Huddersfield,E,1,0,30852,1095,345,18,4,10,7,75,7.3,25,20,17505,30
28/04/2017,Cardiff,Newcastle,E,1,0,28000,3140,299,13,2,8,10,250,9.2,18,24,23153,34
29/04/2017,Barnsley,Burton Albion,D,0,0,23009,594,270,14,18,6,10,51,9.9,25,20,12952,38
29/04/2017,Birmingham,Huddersfield,D,0,0,30016,1095,230,21,3,2,10,81,10.4,15,20,26914,40
29/04/2017,Blackburn,Aston Villa,D,0,0,31367,3413,279,22,12,5,10,88,10.5,18,25,21884,35
29/04/2017,Brighton & Hove Albion,Bristol City,D,0,0,30750,1233,475,1,17,15,10,118,12.1,25,25,30338,42
29/04/2017,Derby,Wolves,D,0,0,33597,1435,319,10,15,10,7,37,10.8,17.6,30,31051,33
29/04/2017,Fulham,Brentford,D,0,0,25700,1062,254,6,9,15,13,4,11.9,25,20,24594,45
29/04/2017,Ipswich,Sheffield Wednesday,D,0,0,30311,2521,417,16,5,10,16,145,11.9,30,20,19000,40
29/04/2017,Leeds United,Norwich City,D,0,0,37890,1661,398,7,8,4,9,144,10.3,30,20,34292,42
29/04/2017,Preston,Rotherham,D,0,0,24500,1026,360,11,24,4,4,60,11.3,24,23,11032,30
29/04/2017,QPR,Nottm Forest,D,0,0,18439,1581,400,19,20,0,7,106,11.1,29,18,16474,38
29/04/2017,Reading,Wigan Athletic,D,0,0,24161,1284,325,4,23,12,7,163,10.4,20,20,19177,35
07/05/2017,Aston Villa,Brighton & Hove Albion,D,0,0,42788,1611,325,12,1,7,12,138,14.1,20,25,32856,37
07/05/2017,Brentford,Blackburn,D,0,0,12300,1125,369,10,22,11,8,180,13.2,20,22,11969,35
07/05/2017,Bristol City,Birmingham,D,0,0,21497,1841,299,17,20,13,4,79,14.2,25,15,25404,41
07/05/2017,Burton Albion,Reading,D,0,0,6912,965,255,19,3,8,12,101,12.8,20,20,6264,24
07/05/2017,Huddersfield,Cardiff,D,0,0,24500,775,179,5,13,7,8,161,9.6,15,22,20583,30
07/05/2017,Newcastle,Barnsley,D,0,0,52404,1177,428,2,14,10,6,99,9.8,24,23,52276,37
07/05/2017,Norwich City,QPR,D,0,0,26034,1158,499.5,8,18,10,3,101,11.4,20,28,27005,40
07/05/2017,Nottm Forest,Ipswich,D,0,0,30602,1384,369,21,16,6,9,114,12.2,18,10,28249,35
07/05/2017,Rotherham,Derby,D,0,0,12021,2137,355,24,9,5,10,36,10.2,25,17.6,10763,27
07/05/2017,Sheffield Wednesday,Fulham,D,0,0,39732,982,415,4,6,18,13,144,10.9,20,20,33681,49
07/05/2017,Wigan Athletic,Leeds United,D,0,0,25133,2829,179,23,7,7,5,48,12.2,22,35,15280,30
07/05/2017,Wolves,Preston,D,0,0,30852,1437,345,15,11,4,4,85,14.6,25,24,20163,30
06/08/2016,Bolton,Sheffield United,D,0,0,28723,1622,280,1,11,0,0,46,17,15,15,17050,30
06/08/2016,Bradford,Port Vale,D,0,0,25136,697,149,5,12,0,0,55,17,25,20,18558,25
06/08/2016,Bury,Charlton,D,0,0,11841,680,275,16,1,0,0,175,17,18,18,4037,22
06/08/2016,Millwall,Oldham,D,0,0,20146,729,333,4,17,0,0,167,20,22,23,9787,30
06/08/2016,Northampton,Fleetwood Town,D,0,0,7653,210,249,24,19,0,0,145,18,24,24,5157,24
06/08/2016,Oxford,Chesterfield,D,0,0,12500,583,290,24,18,0,0,107,17,20,21,8679,24
06/08/2016,Rochdale,Peterboro,D,0,0,10249,598,290,10,13,0,0,109,17,17,22,3243,22
06/08/2016,Scunthorpe,Bristol Rvs,D,0,0,9183,1159,288,7,24,0,0,165,18,18,22,4636,23
06/08/2016,Shrewsbury,Milton Keynes Dons,D,0,0,9875,596,285,20,1,0,0,97,18,20,20,5452,22
06/08/2016,Southend,Gillingham,D,0,0,12392,533,395,14,9,0,0,13,13,25,22,8141,25
06/08/2016,Swindon,Coventry,D,0,0,15728,1280,345,15,8,0,0,62,17,19,19,9023,25
06/08/2016,Walsall,AFC Wimbledon,D,0,0,11300,622,253,3,24,0,0,108,17,20,20,5845,25.5
13/08/2016,AFC Wimbledon,Bolton,D,0,0,4850,912,260,22,8,3,3,177,23,17,17,4619,29
13/08/2016,Charlton,Northampton,D,0,0,26875,843,175,23,12,0,1,66,20,20,20,11567,35
13/08/2016,Chesterfield,Swindon,D,0,0,10504,503,345,10,9,1,3,117,19,22,20,5378,26
13/08/2016,Coventry,Shrewsbury,D,0,0,32609,438,299,17,19,0,0,55,20,22,22,10296,26
13/08/2016,Fleetwood Town,Scunthorpe,D,0,0,5327,508,210,11,3,1,0,98,16,21.5,21.5,2509,23.5
13/08/2016,Gillingham,Bury,D,0,0,11582,608,285,4,5,3,3,193,21,12,10,5324,28
13/08/2016,Milton Keynes Dons,Millwall,D,0,0,30500,827,312,7,1,3,3,47,20,22,22,10232,27
13/08/2016,Oldham,Walsall,D,0,0,13559,792,300,24,2,0,3,69,18,22,24,3914,24
13/08/2016,Peterboro,Bradford,D,0,0,15314,1437,295,6,14,3,1,106,19,21,20,5906,26
13/08/2016,Port Vale,Southend,D,0,0,18947,635,345,15,20,1,0,160,18,22,22,4727,23
13/08/2016,Sheffield United,Rochdale,D,0,0,32702,497,288,18,16,0,0,34,20,20,20,19399,29
14/08/2016,Bristol Rvs,Oxford,D,0,0,12000,1000,260,21,13,0,1,61,18,18,16,10053,26
16/08/2016,AFC Wimbledon,Scunthorpe,E,1,0,4850,508,260,23,4,0,4,152,18,17,17,4163,29
16/08/2016,Charlton,Shrewsbury,E,1,0,26875,438,175,21,20,1,1,145,18,20,20,9174,35
16/08/2016,Chesterfield,Walsall,E,1,0,10504,792,345,5,6,4,4,53,18,22,20,5406,26
16/08/2016,Coventry,Bury,E,1,0,32609,608,299,19,10,1,3,85,19,22,22,9098,26
16/08/2016,Gillingham,Swindon,E,1,0,11582,503,285,1,13,6,3,101,21,12,10,5512,28
16/08/2016,Milton Keynes Dons,Bradford,E,1,0,30500,1437,312,8,9,4,4,131,18,22,22,8166,27
16/08/2016,Oldham,Northampton,E,1,0,13559,843,300,22,15,1,2,104,21,22,24,3327,24
16/08/2016,Peterboro,Millwall,E,1,0,15314,827,295,11,3,3,4,75,17,21,20,5007,26
16/08/2016,Port Vale,Rochdale,E,1,0,18947,497,345,7,16,4,1,39,22,22,22,3941,23
16/08/2016,Sheffield United,Southend,E,1,0,32702,635,288,18,24,1,0,156,16,20,20,17410,29
17/08/2016,Bristol Rvs,Bolton,E,1,0,12000,912,260,12,2,3,6,145,19,18,16,9169,26
17/08/2016,Fleetwood Town,Oxford,E,1,0,5327,1000,210,14,17,2,1,170,17,21.5,21.5,2614,23.5
20/08/2016,Bolton,Fleetwood Town,D,0,0,28723,210,280,1,8,9,5,31,16,15,15,13524,30
20/08/2016,Bradford,Coventry,D,0,0,25136,1280,149,6,18,7,2,94,14,25,20,17595,25
20/08/2016,Bury,Oldham,D,0,0,11841,729,275,10,19,4,2,7,16,18,18,4479,22
20/08/2016,Millwall,Sheffield United,D,0,0,20146,1622,333,13,22,4,1,143,18,22,23,9058,30
20/08/2016,Northampton,AFC Wimbledon,D,0,0,7653,622,249,15,24,3,0,64,18,24,24,5185,24
20/08/2016,Oxford,Peterboro,D,0,0,12500,598,290,21,7,1,6,72,17,20,21,7500,24
20/08/2016,Rochdale,Milton Keynes Dons,D,0,0,10249,596,290,20,11,1,4,127,16,17,22,2176,22
20/08/2016,Scunthorpe,Gillingham,D,0,0,9183,533,288,3,4,7,7,161,17,18,22,3718,23
20/08/2016,Shrewsbury,Chesterfield,D,0,0,9875,583,285,23,2,1,7,68,17,20,20,4936,22
20/08/2016,Southend,Bristol Rvs,D,0,0,12392,1159,395,16,17,3,3,141,16,25,22,6084,25
20/08/2016,Swindon,Port Vale,D,0,0,15728,697,345,14,5,4,7,104,17,19,19,6182,25
20/08/2016,Walsall,Charlton,D,0,0,11300,680,253,12,9,4,4,114,16,20,20,4586,25.5
27/08/2016,Bradford,Oldham,D,0,0,25136,729,149,3,13,12,5,23,14,25,20,17793,25
27/08/2016,Charlton,Bolton,D,0,0,26875,912,175,5,1,7,12,181,21,20,20,10926,35
27/08/2016,Chesterfield,Millwall,D,0,0,10504,827,345,4,8,7,7,135,18,22,20,5630,26
27/08/2016,Coventry,Northampton,D,0,0,32609,843,299,21,15,2,4,28,19,22,22,10022,26
27/08/2016,Milton Keynes Dons,Peterboro,D,0,0,30500,598,312,7,11,7,6,44,19,22,22,10621,27
27/08/2016,Port Vale,Scunthorpe,D,0,0,18947,508,345,6,2,7,10,72,16,22,22,4557,23
27/08/2016,Rochdale,AFC Wimbledon,D,0,0,10249,622,290,22,23,1,1,173,14,17,22,2274,22
27/08/2016,Sheffield United,Oxford,D,0,0,32702,1000,288,24,19,1,4,115,14,20,20,19313,29
27/08/2016,Shrewsbury,Gillingham,D,0,0,9875,533,285,20,10,4,7,167,13,20,20,4611,22
27/08/2016,Southend,Fleetwood Town,D,0,0,12392,210,395,16,12,4,5,226,14,25,22,5507,25
27/08/2016,Walsall,Bury,D,0,0,11300,608,253,17,14,4,4,71,16,20,20,4393,25.5
03/09/2016,AFC Wimbledon,Chesterfield,D,0,0,4850,583,260,24,1,5,6,137,19,17,17,4425,29
03/09/2016,Bolton,Southend,D,0,0,28723,635,280,1,21,11,5,196,16,15,15,13519,30
03/09/2016,Bury,Port Vale,D,0,0,11841,697,275,15,7,5,9,37,16,18,18,4042,22
03/09/2016,Fleetwood Town,Coventry,D,0,0,5327,1280,210,8,22,9,3,120,15,21.5,21.5,3557,23.5
03/09/2016,Millwall,Bradford,D,0,0,20146,1437,333,5,2,8,11,176,17,22,23,9067,30
03/09/2016,Oldham,Shrewsbury,D,0,0,13559,438,300,14,21,6,7,65,15,22,24,3697,24
03/09/2016,Oxford,Rochdale,D,0,0,12500,497,290,19,23,6,2,138,13,20,21,6939,24
03/09/2016,Peterboro,Swindon,D,0,0,15314,503,295,7,13,7,8,95,14,21,20,4501,26
04/09/2016,Gillingham,Sheffield United,D,0,0,11582,1622,285,6,20,7,7,162,19,12,10,5598,28
04/09/2016,Northampton,Milton Keynes Dons,D,0,0,7653,596,249,17,12,7,4,18,19,24,24,6618,24
10/09/2016,AFC Wimbledon,Sheffield United,D,0,0,4850,1622,260,22,18,5,9,145,18,17,17,4810,29
10/09/2016,Bolton,Milton Keynes Dons,D,0,0,28723,596,280,1,15,9,4,132,13,15,15,12727,30
10/09/2016,Bristol Rvs,Rochdale,D,0,0,12000,497,260,12,24,5,2,149,15,18,16,8057,26
10/09/2016,Bury,Shrewsbury,D,0,0,11841,438,275,10,17,8,6,65,13,18,18,2990,22
10/09/2016,Fleetwood Town,Charlton,D,0,0,5327,680,210,4,9,10,9,211,15,21.5,21.5,3371,23.5
10/09/2016,Gillingham,Bradford,D,0,0,11582,1437,285,8,2,5,9,194,17,12,10,5079,28
10/09/2016,Millwall,Coventry,D,0,0,20146,1280,333,5,23,8,3,91,19,22,23,8755,30
10/09/2016,Northampton,Walsall,D,0,0,7653,792,249,11,19,9,2,50,19,24,24,5538,24
10/09/2016,Oldham,Chesterfield,D,0,0,13559,583,300,20,14,6,4,36,17,22,24,3457,24
10/09/2016,Oxford,Swindon,D,0,0,12500,503,290,16,13,9,5,26,16,20,21,11042,24
10/09/2016,Peterboro,Port Vale,D,0,0,15314,697,295,6,7,8,7,88,14,21,20,4711,26
10/09/2016,Scunthorpe,Southend,D,0,0,9183,635,288,3,21,10,5,153,16,18,22,3723,23
13/09/2016,Bristol Rvs,Walsall,E,1,0,12000,792,260,14,20,6,2,79,19,18,16,7805,26
17/09/2016,Bradford,Bristol Rvs,D,0,0,25136,1159,149,3,14,7,4,164,12,25,20,17489,25
17/09/2016,Charlton,AFC Wimbledon,D,0,0,26875,622,175,11,21,8,8,15,14,20,20,11927,35
17/09/2016,Chesterfield,Northampton,D,0,0,10504,843,345,15,8,4,8,73,15,22,20,5910,26
17/09/2016,Coventry,Oldham,D,0,0,32609,729,299,23,18,3,6,81,16,22,22,8813,26
17/09/2016,Milton Keynes Dons,Oxford,D,0,0,30500,1000,312,21,12,5,10,29,13,22,22,12340,27
17/09/2016,Port Vale,Gillingham,D,0,0,18947,533,345,9,10,7,4,164,18,22,22,4719,23
17/09/2016,Rochdale,Fleetwood Town,D,0,0,10249,210,290,24,4,5,7,40,14,17,22,2499,22
17/09/2016,Sheffield United,Peterboro,D,0,0,32702,598,288,13,6,12,5,76,14,20,20,19555,29
17/09/2016,Shrewsbury,Scunthorpe,D,0,0,9875,508,285,19,2,6,12,105,17,20,20,4878,22
17/09/2016,Southend,Millwall,D,0,0,12392,827,395,22,5,5,8,33,14,25,22,7752,25
17/09/2016,Swindon,Bury,D,0,0,15728,608,345,17,7,5,10,141,14,19,19,6931,25
17/09/2016,Walsall,Bolton,D,0,0,11300,912,253,20,1,5,6,74,13,20,20,5962,25.5
20/09/2016,Scunthorpe,Charlton,E,1,0,9183,680,288,3,14,10,6,149,13,18,22,3801,23
20/09/2016,Swindon,Bristol Rvs,E,1,0,15728,1159,345,9,18,4,7,35,15,19,19,6760,25
24/09/2016,AFC Wimbledon,Shrewsbury,D,0,0,4850,438,260,18,22,8,4,137,21,17,17,4318,29
24/09/2016,Bolton,Bradford,D,0,0,28723,1437,280,2,4,4,5,43,16,15,15,17486,30
24/09/2016,Bristol Rvs,Port Vale,D,0,0,12000,697,260,15,5,9,7,109,17,18,16,9088,26
24/09/2016,Bury,Chesterfield,D,0,0,11841,583,275,3,10,13,4,42,16,18,18,3494,22
24/09/2016,Fleetwood Town,Milton Keynes Dons,D,0,0,5327,596,210,7,17,7,5,163,16,21.5,21.5,2518,23.5
24/09/2016,Gillingham,Coventry,D,0,0,11582,1280,285,13,24,7,3,114,20,12,10,7664,28
24/09/2016,Millwall,Rochdale,D,0,0,20146,497,333,8,23,5,8,173,18,22,23,8143,30
24/09/2016,Northampton,Southend,D,0,0,7653,635,249,11,21,10,4,85,16,24,24,6138,24
24/09/2016,Oldham,Swindon,D,0,0,13559,503,300,19,20,3,4,138.439,19,22,24,3403,24
24/09/2016,Oxford,Charlton,D,0,0,12500,680,290,12,14,8,4,55.949,16,20,21,8847,24
24/09/2016,Peterboro,Walsall,D,0,0,15314,792,295,9,16,6,6,73.613,14,21,20,4906,26
24/09/2016,Scunthorpe,Sheffield United,D,0,0,9183,1622,288,1,6,8,13,35.236,14,18,22,6243,23
27/09/2016,Bradford,Fleetwood Town,E,1,0,25136,210,149,4,11,7,4,52.134,14,25,20,16759,25
27/09/2016,Charlton,Oldham,E,1,0,26875,729,175,16,22,4,3,169.591,17,20,20,8745,35
27/09/2016,Chesterfield,Gillingham,E,1,0,10504,533,345,15,8,5,5,154.102,16,22,20,4714,26
27/09/2016,Milton Keynes Dons,Bury,E,1,0,30500,608,312,12,2,5,15,126.667,17,22,22,7652,27
27/09/2016,Port Vale,Millwall,E,1,0,18947,827,345,6,14,5,2,141.09,18,22,22,3934,23
27/09/2016,Rochdale,Bolton,E,1,0,10249,912,290,19,3,10,3,14.87,16,17,22,6011,22
27/09/2016,Sheffield United,Bristol Rvs,E,1,0,32702,1159,288,7,9,13,8,138.513,18,20,20,19196,29
27/09/2016,Shrewsbury,Peterboro,E,1,0,9875,598,285,21,10,5,4,105.645,16,20,20,4314,22
27/09/2016,Southend,Oxford,E,1,0,12392,1000,395,23,13,7,8,82.947,12,25,22,5593,25
27/09/2016,Swindon,Northampton,E,1,0,15728,843,345,17,5,3,12,58.548,16,19,19,6590,25
27/09/2016,Walsall,Scunthorpe,E,1,0,11300,508,253,18,1,5,11,88.801,16,20,20,3970,25.5
28/09/2016,Coventry,AFC Wimbledon,E,1,0,32609,622,299,24,21,3,8,88.808,18,22,22,8030,26
01/10/2016,AFC Wimbledon,Gillingham,D,0,0,4850,533,260,20,8,8,5,36.334,14,17,17,4653,29
01/10/2016,Bolton,Oxford,D,0,0,28723,1000,280,7,16,2,8,140.356,11,15,15,14207,30
01/10/2016,Bury,Scunthorpe,D,0,0,11841,508,275,2,1,12,11,65.659,11,18,18,5355,22
01/10/2016,Charlton,Rochdale,D,0,0,26875,497,175,12,15,3,13,174.512,13,20,20,14460,35
01/10/2016,Chesterfield,Bradford,D,0,0,10504,1437,345,11,3,5,9,40.449,12,22,20,6997,26
01/10/2016,Fleetwood Town,Sheffield United,D,0,0,5327,1622,210,13,6,2,11,74.05,12,21.5,21.5,4004,23.5
01/10/2016,Northampton,Bristol Rvs,D,0,0,7653,1159,249,4,10,9,10,87.523,16,24,24,6642,24
01/10/2016,Oldham,Milton Keynes Dons,D,0,0,13559,596,300,23,19,3,8,121.607,14,22,24,3273,24
01/10/2016,Port Vale,Coventry,D,0,0,18947,1280,345,5,24,7,6,50.79,14,22,22,5605,23
01/10/2016,Shrewsbury,Swindon,D,0,0,9875,503,285,22,18,3,4,88.135,8,20,20,5103,22
01/10/2016,Southend,Peterboro,D,0,0,12392,598,395,19,9,7,4,80.902,9,25,22,6417,25
01/10/2016,Walsall,Millwall,D,0,0,11300,827,253,21,17,8,1,111.29,9,20,20,4474,25.5
08/10/2016,Bradford,Shrewsbury,D,0,0,25136,438,149,2,22,11,3,87.318,9,25,20,17703,25
08/10/2016,Gillingham,Oldham,D,0,0,11582,729,285,12,24,4,5,187.973,15,12,10,6435,28
08/10/2016,Peterboro,Bury,D,0,0,15314,608,295,13,3,6,9,110.566,12,21,20,3964,26
08/10/2016,Rochdale,Southend,D,0,0,10249,635,290,11,21,15,7,187.507,13,17,22,2600,22
08/10/2016,Scunthorpe,Northampton,D,0,0,9183,843,288,1,5,9,7,93.998,11,18,22,4714,23
08/10/2016,Swindon,Bolton,D,0,0,15728,912,345,20,8,4,4,143.077,13,19,19,7023,25
09/10/2016,Milton Keynes Dons,Port Vale,D,0,0,30500,697,312,9,6,7,9,94.451,13,22,22,8259,27
09/10/2016,Oxford,AFC Wimbledon,D,0,0,12500,622,290,10,15,5,11,45.392,9,20,21,7742,24
15/10/2016,AFC Wimbledon,Swindon,D,0,0,4850,503,260,11,21,9,5,65.047,15,17,17,4800,29
15/10/2016,Bolton,Oldham,D,0,0,28723,729,280,5,22,7,7,16.872,11,15,15,14891,30
15/10/2016,Bristol Rvs,Gillingham,D,0,0,12000,533,260,5,16,12,4,135.713,12,18,16,9489,26
15/10/2016,Charlton,Coventry,D,0,0,26875,1280,175,18,24,6,5,93.297,13,20,20,11406,35
15/10/2016,Fleetwood Town,Peterboro,D,0,0,5327,598,210,17,10,4,6,148.332,10,21.5,21.5,2711,23.5
15/10/2016,Northampton,Millwall,D,0,0,7653,827,249,6,20,7,3,64.029,12,24,24,6908,24
15/10/2016,Oxford,Bradford,D,0,0,12500,1437,290,14,2,7,10,146.139,11,20,21,8245,24
15/10/2016,Rochdale,Bury,D,0,0,10249,608,290,8,3,15,6,5.407,11,17,22,5344,22
15/10/2016,Scunthorpe,Milton Keynes Dons,D,0,0,9183,596,288,1,12,11,6,109.025,10,18,22,4238,23
15/10/2016,Sheffield United,Port Vale,D,0,0,32702,697,288,9,4,11,5,37.159,10,20,20,19699,29
15/10/2016,Southend,Chesterfield,D,0,0,12392,583,395,23,18,7,4,148.166,11,25,22,6004,25
15/10/2016,Walsall,Shrewsbury,D,0,0,11300,438,253,12,24,10,3,32.912,11,20,20,4759,25.5
18/10/2016,Bradford,Southend,E,1,0,25136,635,149,2,19,10,8,186.984,8,25,20,16112,25
18/10/2016,Bury,AFC Wimbledon,E,1,0,11841,622,275,6,12,3,11,172.677,9,18,18,2211,22
18/10/2016,Chesterfield,Fleetwood Town,E,1,0,10504,210,345,21,13,1,7,80.055,10,22,20,4598,26
18/10/2016,Coventry,Oxford,E,1,0,32609,1000,299,22,12,7,6,52.023,11,22,22,9912,26
18/10/2016,Gillingham,Walsall,E,1,0,11582,792,285,18,9,2,8,135.941,13,12,10,5542,28
18/10/2016,Millwall,Bolton,E,1,0,20146,912,333,17,3,3,9,178.594,12,22,23,7898,30
18/10/2016,Milton Keynes Dons,Bristol Rvs,E,1,0,30500,1159,312,16,8,4,10,87.035,11,22,22,8366,27
18/10/2016,Oldham,Scunthorpe,E,1,0,13559,508,300,23,1,7,10,58.858,9,22,24,2911,24
18/10/2016,Peterboro,Northampton,E,1,0,15314,843,295,13,10,8,4,37.078,10,21,20,9157,26
18/10/2016,Port Vale,Charlton,E,1,0,18947,680,345,8,16,7,6,143.538,10,22,22,3494,23
18/10/2016,Shrewsbury,Sheffield United,E,1,0,9875,1622,285,24,6,2,11,71.043,10,20,20,5460,22
18/10/2016,Swindon,Rochdale,E,1,0,15728,497,345,20,5,5,12,143.14,13,19,19,6048,25
22/10/2016,Bradford,Sheffield United,D,0,0,25136,1622,149,2,4,8,11,32.262,8,25,20,20972,25
22/10/2016,Chesterfield,Scunthorpe,D,0,0,10504,508,345,22,1,1,10,37.867,11,22,20,6328,26
22/10/2016,Coventry,Rochdale,D,0,0,32609,497,299,21,6,10,9,85.82,12,22,22,8133,26
22/10/2016,Gillingham,Charlton,D,0,0,11582,680,285,18,15,2,6,23.601,11,12,10,8670,28
22/10/2016,Millwall,Fleetwood Town,D,0,0,20146,210,333,20,11,6,7,209.179,11,22,23,8085,30
22/10/2016,Milton Keynes Dons,Southend,D,0,0,30500,635,312,17,20,4,8,69.34,10,22,22,11039,27
22/10/2016,Oldham,Bristol Rvs,D,0,0,13559,1159,300,22,10,6,10,144.359,13,22,24,4394,24
22/10/2016,Peterboro,AFC Wimbledon,D,0,0,15314,622,295,8,10,7,13,80.203,9,21,20,6642,26
22/10/2016,Port Vale,Oxford,D,0,0,18947,1000,345,7,14,5,7,101.093,13,22,22,4837,23
22/10/2016,Shrewsbury,Northampton,D,0,0,9875,843,285,24,13,1,4,82.692,7,20,20,5023,22
22/10/2016,Swindon,Walsall,D,0,0,15728,792,345,18,11,5,10,69.858,7,19,19,6655,25
24/10/2016,Bury,Bolton,E,1,0,11841,912,275,11,4,0,12,9.91,9,18,18,8007,22
29/10/2016,AFC Wimbledon,Bradford,D,0,0,4850,1437,260,6,3,10,8,177.071,15,17,17,4826,29
29/10/2016,Bolton,Port Vale,D,0,0,28723,697,280,2,8,15,5,39.314,13,15,15,13937,30
29/10/2016,Bristol Rvs,Peterboro,D,0,0,12000,598,260,4,12,10,9,124.574,12,18,16,9839,26
29/10/2016,Charlton,Chesterfield,D,0,0,26875,583,175,17,23,8,0,136.956,11,20,20,10153,35
29/10/2016,Fleetwood Town,Gillingham,D,0,0,5327,533,210,14,19,10,2,230.757,12,21.5,21.5,2600,23.5
29/10/2016,Northampton,Bury,D,0,0,7653,608,249,8,11,7,0,109.052,13,24,24,5739,24
29/10/2016,Oxford,Millwall,D,0,0,12500,827,290,15,16,4,9,52.319,11,20,21,7944,24
29/10/2016,Rochdale,Oldham,D,0,0,10249,729,290,10,22,9,6,4.967,13,17,22,5204,22
29/10/2016,Scunthorpe,Swindon,D,0,0,9183,503,288,1,21,10,4,146.959,14,18,22,4262,23
29/10/2016,Sheffield United,Milton Keynes Dons,D,0,0,32702,596,288,5,20,11,1,98.922,14,20,20,20495,29
29/10/2016,Southend,Shrewsbury,D,0,0,12392,438,395,16,24,8,1,166.368,10,25,22,7321,25
29/10/2016,Walsall,Coventry,D,0,0,11300,1280,253,7,17,11,10,22.313,13,20,20,6719,25.5
01/11/2016,Bristol Rvs,Fleetwood Town,E,1,0,12000,210,260,8,10,10,9,169.154,9,18,16,10088,26
01/11/2016,Coventry,Chesterfield,E,1,0,32609,583,299,19,23,10,0,55.79,6,22,22,7941,26
12/11/2016,Bradford,Rochdale,D,0,0,25136,497,149,3,7,8,6,21.429,7,25,20,18205,25
12/11/2016,Bury,Southend,D,0,0,11841,635,275,15,16,0,11,188.723,7,18,18,3033,22
12/11/2016,Coventry,Scunthorpe,D,0,0,32609,508,299,18,1,10,12,85.516,10,22,22,9737,26
12/11/2016,Gillingham,Northampton,D,0,0,11582,843,285,19,6,5,6,86.796,13,12,10,5790,28
12/11/2016,Millwall,Bristol Rvs,D,0,0,20146,1159,333,13,5,12,7,109.078,9,22,23,9645,30
12/11/2016,Milton Keynes Dons,Walsall,D,0,0,30500,792,312,20,9,2,9,65.506,7,22,22,8188,27
12/11/2016,Oldham,AFC Wimbledon,D,0,0,13559,622,300,22,9,4,8,167.712,11,22,24,3856,24
12/11/2016,Port Vale,Fleetwood Town,D,0,0,18947,210,345,13,12,5,6,69.008,11,22,22,3890,23
12/11/2016,Shrewsbury,Oxford,D,0,0,9875,1000,285,24,17,4,4,93.607,9,20,20,5491,22
12/11/2016,Swindon,Charlton,D,0,0,15728,680,345,21,14,7,8,77.957,8,19,19,6599,25
13/11/2016,Chesterfield,Sheffield United,D,0,0,10504,1622,345,24,4,0,13,8.256,10,22,20,8451,26
13/11/2016,Peterboro,Bolton,D,0,0,15314,912,295,10,2,9,12,118.448,7,21,20,4780,26
19/11/2016,AFC Wimbledon,Bury,D,0,0,4850,608,260,10,16,10,0,172.677,7,17,17,4141,29
19/11/2016,Bolton,Millwall,D,0,0,28723,827,280,4,9,12,9,178.594,3,15,15,13110,30
19/11/2016,Bristol Rvs,Milton Keynes Dons,D,0,0,12000,596,260,6,21,7,3,87.035,5,18,16,9031,26
19/11/2016,Charlton,Port Vale,D,0,0,26875,697,175,15,9,8,5,143.538,6,20,20,8992,35
19/11/2016,Fleetwood Town,Chesterfield,D,0,0,5327,583,210,13,24,6,0,80.055,4,21.5,21.5,2901,23.5
19/11/2016,Northampton,Peterboro,D,0,0,7653,598,249,10,6,6,12,37.078,7,24,24,7675,24
19/11/2016,Oxford,Coventry,D,0,0,12500,1280,290,20,18,4,7,52.023,2,20,21,9199,24
19/11/2016,Rochdale,Swindon,D,0,0,10249,503,290,12,19,6,6,143.14,3,17,22,2196,22
19/11/2016,Scunthorpe,Oldham,D,0,0,9183,729,288,1,22,12,4,58.858,4,18,22,4323,23
19/11/2016,Sheffield United,Shrewsbury,D,0,0,32702,438,288,3,23,13,4,71.043,4,20,20,20195,29
19/11/2016,Southend,Bradford,D,0,0,12392,1437,395,13,2,11,8,186.984,4,25,22,7005,25
19/11/2016,Walsall,Gillingham,D,0,0,11300,533,253,8,17,6,8,135.941,3,20,20,5420,25.5
22/11/2016,Bolton,Coventry,E,1,0,28723,1280,280,3,19,12,4,89.435,6,15,15,12290,30
22/11/2016,Bradford,Northampton,E,1,0,25136,843,149,4,12,10,6,113.802,4,25,20,15935,25
22/11/2016,Bristol Rvs,Charlton,E,1,0,12000,680,260,10,14,4,10,112.877,6,18,16,8089,26
22/11/2016,Fleetwood Town,Shrewsbury,E,1,0,5327,438,210,11,23,9,4,85.716,6,21.5,21.5,2111,23.5
22/11/2016,Millwall,AFC Wimbledon,E,1,0,20146,622,333,13,6,10,8,11.39,10,22,23,8614,30
22/11/2016,Milton Keynes Dons,Chesterfield,E,1,0,30500,583,312,16,24,2,3,90.704,8,22,22,7429,27
22/11/2016,Oxford,Gillingham,E,1,0,12500,533,290,17,16,7,7,79.55,7,20,21,6848,24
22/11/2016,Peterboro,Scunthorpe,E,1,0,15314,508,295,5,1,9,15,73.146,7,21,20,5222,26
22/11/2016,Port Vale,Oldham,E,1,0,18947,729,345,13,22,5,2,34.958,6,22,22,3152,23
22/11/2016,Rochdale,Walsall,E,1,0,10249,792,290,8,12,9,5,73.299,6,17,22,1907,22
22/11/2016,Sheffield United,Bury,E,1,0,32702,608,288,2,18,13,0,36.948,7,20,20,19022,29
22/11/2016,Southend,Swindon,E,1,0,12392,503,395,10,20,11,4,106.311,3,25,22,5715,25
26/11/2016,AFC Wimbledon,Fleetwood Town,D,0,0,4850,210,260,7,8,6,7,208.268,7,17,17,4023,29
26/11/2016,Bury,Millwall,D,0,0,11841,827,275,19,13,0,10,172.895,-1,18,18,3028,22
26/11/2016,Charlton,Sheffield United,D,0,0,26875,1622,175,11,2,10,13,144.973,6,20,20,12580,35
26/11/2016,Chesterfield,Bristol Rvs,D,0,0,10504,1159,345,23,10,6,4,131.701,4,22,20,6330,26
26/11/2016,Coventry,Milton Keynes Dons,D,0,0,32609,596,299,20,21,3,5,44.222,10,22,22,9640,26
26/11/2016,Gillingham,Rochdale,D,0,0,11582,497,285,17,5,9,9,192.823,8,12,10,5409,28
26/11/2016,Northampton,Bolton,D,0,0,7653,912,249,15,3,3,12,114.575,10,24,24,7018,24
26/11/2016,Scunthorpe,Oxford,D,0,0,9183,1000,288,1,14,13,7,131.116,2,18,22,4338,23
26/11/2016,Shrewsbury,Port Vale,D,0,0,9875,697,285,24,13,5,5,34.161,2,20,20,5429,22
26/11/2016,Swindon,Bradford,D,0,0,15728,1437,345,18,4,7,9,154.86,7,19,19,6344,25
26/11/2016,Walsall,Southend,D,0,0,11300,635,253,15,10,3,9,134.383,4,20,20,4342,25.5
29/11/2016,Sheffield United,Walsall,E,1,0,32702,792,288,4,16,13,3,59.715,1,20,20,18343,29
10/12/2016,Bradford,Charlton,D,0,0,25136,680,149,4,11,7,8,177.127,8,25,20,17968,25
10/12/2016,Bristol Rvs,Bury,D,0,0,12000,608,260,13,20,4,0,145.428,11,18,16,7843,26
10/12/2016,Fleetwood Town,Walsall,D,0,0,5327,792,210,8,16,10,4,102.762,9,21.5,21.5,2708,23.5
10/12/2016,Millwall,Shrewsbury,D,0,0,20146,438,333,5,24,7,7,141.597,11,22,23,8354,30
10/12/2016,Milton Keynes Dons,AFC Wimbledon,D,0,0,30500,622,312,19,7,8,6,46.148,11,22,22,11185,27
10/12/2016,Oxford,Oldham,D,0,0,12500,729,290,14,20,8,3,132.783,9,20,21,7430,24
10/12/2016,Peterboro,Chesterfield,D,0,0,15314,583,295,9,23,12,6,68.624,8,21,20,5120,26
10/12/2016,Port Vale,Northampton,D,0,0,18947,843,345,12,17,5,3,77.27,10,22,22,4739,23
10/12/2016,Rochdale,Scunthorpe,D,0,0,10249,508,290,6,1,9,10,60.952,9,17,22,3445,22
10/12/2016,Sheffield United,Swindon,D,0,0,32702,503,288,3,18,10,7,125.494,10,20,20,19196,29
10/12/2016,Southend,Coventry,D,0,0,12392,1280,395,10,22,11,0,112.424,9,25,22,6430,25
12/12/2016,Bolton,Gillingham,E,1,0,28723,533,280,2,15,12,9,200.132,6,15,15,13861,30
15/12/2016,Coventry,Sheffield United,E,1,0,32609,1622,299,21,3,0,10,63.757,9,22,22,8801,26
17/12/2016,AFC Wimbledon,Port Vale,D,0,0,4850,697,260,11,15,8,2,139.586,6,17,17,4291,29
17/12/2016,Bury,Oxford,D,0,0,11841,1000,275,21,14,0,11,136.712,4,18,18,2986,22
17/12/2016,Charlton,Peterboro,D,0,0,26875,598,175,12,6,8,12,75.565,7,20,20,10193,35
17/12/2016,Chesterfield,Bolton,D,0,0,10504,912,345,23,3,9,12,51.075,7,22,20,6924,26
17/12/2016,Gillingham,Milton Keynes Dons,D,0,0,11582,596,285,17,18,9,7,70.44,10,12,10,5681,28
17/12/2016,Northampton,Rochdale,D,0,0,7653,497,249,13,5,3,12,108.934,5,24,24,5247,24
17/12/2016,Oldham,Southend,D,0,0,13559,635,300,20,9,3,11,182.733,6,22,24,3414,24
17/12/2016,Scunthorpe,Millwall,D,0,0,9183,827,288,1,12,10,4,147.771,6,18,22,4355,23
17/12/2016,Shrewsbury,Bristol Rvs,D,0,0,9875,1159,285,24,10,7,4,83.482,6,20,20,6139,22
17/12/2016,Swindon,Fleetwood Town,D,0,0,15728,210,345,19,7,5,11,170.935,6,19,19,6143,25
17/12/2016,Walsall,Bradford,D,0,0,11300,1437,253,16,4,5,5,86.174,7,20,20,5148,25.5
21/12/2016,Millwall,Charlton,E,1,0,20146,680,333,14,13,7,5,3.799,10,22,23,14395,30
26/12/2016,Bolton,Shrewsbury,E,1,1,28723,438,280,3,22,12,7,62.303,7,15,15,16238,30
26/12/2016,Bradford,Scunthorpe,E,1,1,25136,508,149,4,1,6,8,46.066,4,25,20,21874,25
26/12/2016,Bristol Rvs,Coventry,E,1,1,12000,1280,260,10,23,6,0,81.081,5,18,16,11200,26
26/12/2016,Fleetwood Town,Bury,E,1,1,5327,608,210,8,22,9,1,37.767,7,21.5,21.5,4017,23.5
26/12/2016,Millwall,Swindon,E,1,1,20146,503,333,10,19,9,5,74.168,9,22,23,8515,30
26/12/2016,Milton Keynes Dons,Charlton,E,1,1,30500,680,312,18,14,6,5,49.127,1,22,22,10257,27
26/12/2016,Oxford,Northampton,E,1,1,12500,843,290,11,15,8,6,37.756,2,20,21,11790,24
26/12/2016,Peterboro,Gillingham,E,1,1,15314,533,295,6,13,10,7,88.479,4,21,20,6239,26
26/12/2016,Port Vale,Walsall,E,1,1,18947,792,345,17,16,2,8,34.571,7,22,22,5854,23
26/12/2016,Rochdale,Chesterfield,E,1,1,10249,583,290,5,21,12,9,40.086,4,17,22,3863,22
26/12/2016,Sheffield United,Oldham,E,1,1,32702,729,288,2,20,10,2,29.927,7,20,20,25821,29
26/12/2016,Southend,AFC Wimbledon,E,1,1,12392,622,395,7,9,11,5,43.512,6,25,22,8493,25
30/12/2016,Millwall,Gillingham,E,1,0,20146,533,333,9,16,9,7,27.263,2,22,23,10821,30
30/12/2016,Milton Keynes Dons,Swindon,E,1,0,30500,503,312,18,19,9,4,53.915,1,22,22,9385,27
30/12/2016,Port Vale,Chesterfield,E,1,0,18947,583,345,17,23,4,6,34.771,9,22,22,4027,23
30/12/2016,Rochdale,Shrewsbury,E,1,0,10249,438,290,4,22,12,7,68.554,6,17,22,3594,22
31/12/2016,Bolton,Scunthorpe,D,0,0,28723,508,280,3,1,12,5,75.568,8,15,15,17062,30
31/12/2016,Bradford,Bury,D,0,0,25136,608,149,5,20,4,2,26.798,8,25,20,18012,25
31/12/2016,Bristol Rvs,AFC Wimbledon,D,0,0,12000,622,260,10,11,9,4,99.398,7,18,16,10093,26
31/12/2016,Fleetwood Town,Oldham,D,0,0,5327,729,210,9,20,9,2,44.383,8,21.5,21.5,3189,23.5
31/12/2016,Oxford,Walsall,D,0,0,12500,792,290,14,15,6,8,67.388,4,20,21,8340,24
31/12/2016,Peterboro,Coventry,D,0,0,15314,1280,295,7,24,8,1,53.54,6,21,20,5866,26
31/12/2016,Sheffield United,Northampton,D,0,0,32702,843,288,2,13,12,6,81.637,8,20,20,24194,29
31/12/2016,Southend,Charlton,D,0,0,12392,680,395,6,12,11,5,28.95,9,25,22,10329,25
02/01/2017,AFC Wimbledon,Millwall,E,1,1,4850,827,260,11,9,4,10,11.39,3,17,17,4742,29
02/01/2017,Bury,Sheffield United,E,1,1,11841,1622,275,20,1,2,15,36.948,1,18,18,6123,22
02/01/2017,Charlton,Bristol Rvs,E,1,1,26875,1159,175,12,10,7,9,112.877,7,20,20,12252,35
02/01/2017,Chesterfield,Milton Keynes Dons,E,1,1,10504,596,345,22,18,4,7,90.704,3,22,20,5554,26
02/01/2017,Coventry,Bolton,E,1,1,32609,912,299,23,2,2,10,89.435,1,22,22,8397,26
02/01/2017,Gillingham,Oxford,E,1,1,11582,1000,285,16,13,4,8,79.55,5,12,10,6414,28
02/01/2017,Northampton,Bradford,E,1,1,7653,1437,249,15,5,6,7,113.802,4,24,24,6931,24
02/01/2017,Oldham,Port Vale,E,1,1,13559,697,300,21,17,2,4,34.958,4,22,24,3451,24
02/01/2017,Scunthorpe,Peterboro,E,1,1,9183,598,288,3,7,5,9,73.146,3,18,22,4855,23
02/01/2017,Shrewsbury,Fleetwood Town,E,1,1,9875,210,285,22,8,6,11,85.716,1,20,20,5080,22
02/01/2017,Swindon,Southend,E,1,1,15728,635,345,19,6,2,11,106.311,1,19,19,7102,25
02/01/2017,Walsall,Rochdale,E,1,1,11300,497,253,14,4,5,15,73.299,1,20,20,4667,25.5
07/01/2017,Bradford,Chesterfield,D,0,0,25136,583,149,5,21,9,4,40.449,7,25,20,17416,25
07/01/2017,Bristol Rvs,Northampton,D,0,0,12000,843,260,10,16,9,3,87.523,9,18,16,8424,26
07/01/2017,Scunthorpe,Bury,D,0,0,9183,608,288,3,20,8,2,65.659,6,18,22,5173,23
07/01/2017,Southend,Sheffield United,D,0,0,12392,1622,395,6,1,8,15,155.688,9,25,22,7702,25
07/01/2017,Swindon,Shrewsbury,D,0,0,15728,438,345,19,24,3,4,88.135,8,19,19,6137,25
14/01/2017,AFC Wimbledon,Oxford,D,0,0,4850,1000,260,12,13,7,7,45.392,4,17,17,4808,29
14/01/2017,Bolton,Swindon,D,0,0,28723,503,280,2,19,7,5,143.077,3,15,15,13955,30
14/01/2017,Bury,Peterboro,D,0,0,11841,598,275,23,10,5,6,110.566,3,18,18,2820,22
14/01/2017,Charlton,Millwall,D,0,0,26875,827,175,11,10,8,11,3.799,10,20,20,15315,35
14/01/2017,Chesterfield,Coventry,D,0,0,10504,1280,345,22,23,4,2,55.79,4,22,20,5896,26
14/01/2017,Fleetwood Town,Bristol Rvs,D,0,0,5327,1159,210,6,8,11,9,169.154,4,21.5,21.5,3728,23.5
14/01/2017,Northampton,Scunthorpe,D,0,0,7653,508,249,16,3,3,8,93.998,4,24,24,5649,24
14/01/2017,Oldham,Gillingham,D,0,0,13559,533,300,21,16,4,4,187.973,6,22,24,3475,24
14/01/2017,Shrewsbury,Bradford,D,0,0,9875,1437,285,22,5,4,8,87.318,3,20,20,5590,22
14/01/2017,Southend,Rochdale,D,0,0,12392,497,395,7,4,8,12,187.507,6,25,22,6570,25
14/01/2017,Walsall,Sheffield United,D,0,0,11300,1622,253,14,1,8,12,59.715,3,20,20,6899,25.5
20/01/2017,Port Vale,Bury,E,1,0,18947,608,345,16,20,5,5,36.947,6,22,22,4338,23
21/01/2017,Bradford,Millwall,D,0,0,25136,827,149,4,20,8,9,175.558,2,25,20,17712,25
21/01/2017,Chesterfield,AFC Wimbledon,D,0,0,10504,622,345,22,12,5,5,136.632,3,22,20,6379,26
21/01/2017,Coventry,Fleetwood Town,D,0,0,32609,210,299,24,6,2,13,119.648,3,22,22,8129,26
21/01/2017,Milton Keynes Dons,Northampton,D,0,0,30500,843,312,19,16,7,0,17.63,2,22,22,12300,27
21/01/2017,Rochdale,Oxford,D,0,0,10249,1000,290,5,14,9,7,137.699,2,17,22,3246,22
21/01/2017,Sheffield United,Gillingham,D,0,0,32702,533,288,3,17,10,2,161.854,2,20,20,20649,29
21/01/2017,Shrewsbury,Oldham,D,0,0,9875,729,285,22,21,7,4,65.196,-1,20,20,5537,22
21/01/2017,Swindon,Peterboro,D,0,0,15728,598,345,19,10,5,6,94.969,-2,19,19,6514,25
21/01/2017,Walsall,Bristol Rvs,D,0,0,11300,1159,253,13,9,10,6,78.823,0,20,20,6029,25.5
24/01/2017,Oldham,Peterboro,E,1,0,13559,598,300,22,6,7,5,104.096,7,22,24,7224,24
24/01/2017,Sheffield United,Fleetwood Town,E,1,0,32702,210,288,1,6,7,15,74.05,4,20,20,19012,29
28/01/2017,Bolton,Charlton,D,0,0,28723,680,280,3,14,7,11,180.814,3,15,15,13265,30
28/01/2017,Bristol Rvs,Swindon,D,0,0,12000,503,260,11,19,6,5,35.44,5,18,16,10557,26
28/01/2017,Bury,Walsall,D,0,0,11841,792,275,21,13,5,8,71.364,3,18,18,3280,22
28/01/2017,Fleetwood Town,Southend,D,0,0,5327,635,210,4,7,13,6,226.13,4,21.5,21.5,2675,23.5
28/01/2017,Gillingham,Shrewsbury,D,0,0,11582,438,285,17,20,2,8,167.145,8,12,10,5316,28
28/01/2017,Northampton,Coventry,D,0,0,7653,1280,249,18,24,3,2,28.046,8,24,24,7543,24
28/01/2017,Oldham,Bradford,D,0,0,13559,1437,300,23,5,7,10,22.913,5,22,24,6516,24
28/01/2017,Peterboro,Milton Keynes Dons,D,0,0,15314,596,295,8,15,4,10,43.726,4,21,20,6617,26
28/01/2017,Scunthorpe,Port Vale,D,0,0,9183,697,288,2,16,10,5,72.08,4,18,22,4442,23
01/02/2017,Millwall,Walsall,E,1,0,20146,792,333,9,14,7,7,111.29,10,22,23,7392,30
04/02/2017,Bradford,Gillingham,D,0,0,25136,533,149,5,17,8,3,193.591,3,25,20,18840,25
04/02/2017,Charlton,Fleetwood Town,D,0,0,26875,210,175,11,4,9,11,211.423,8,20,20,9916,35
04/02/2017,Chesterfield,Oldham,D,0,0,10504,729,345,22,23,5,9,35.673,6,22,20,6375,26
04/02/2017,Coventry,Millwall,D,0,0,32609,827,299,24,10,1,7,90.681,3,22,22,8764,26
04/02/2017,Milton Keynes Dons,Bolton,D,0,0,30500,912,312,15,3,11,5,132.098,9,22,22,21545,27
04/02/2017,Port Vale,Peterboro,D,0,0,18947,598,345,18,12,5,6,88.219,7,22,22,4259,23
04/02/2017,Rochdale,Bristol Rvs,D,0,0,10249,1159,290,7,10,7,7,148.533,4,17,22,3168,22
04/02/2017,Sheffield United,AFC Wimbledon,D,0,0,32702,622,288,2,11,7,5,144.811,7,20,20,20549,29
04/02/2017,Shrewsbury,Bury,D,0,0,9875,608,285,19,21,11,5,64.536,3,20,20,5368,22
04/02/2017,Southend,Scunthorpe,D,0,0,12392,508,395,6,1,8,10,152.689,4,25,22,7346,25
04/02/2017,Walsall,Northampton,D,0,0,11300,843,253,13,16,11,3,50.172,4,20,20,4954,25.5
05/02/2017,Swindon,Oxford,D,0,0,15728,1000,345,20,15,4,10,26.205,2,19,19,10658,25
07/02/2017,Milton Keynes Dons,Oldham,E,1,0,30500,729,312,15,20,11,6,121.607,8,22,22,7598,27
11/02/2017,AFC Wimbledon,Charlton,D,0,0,4850,680,260,15,12,6,9,14.812,2,17,17,4595,29
11/02/2017,Bolton,Walsall,D,0,0,28723,792,280,3,12,5,8,73.749,2,15,15,13610,30
11/02/2017,Bristol Rvs,Bradford,D,0,0,12000,1437,260,10,5,5,6,164.005,1,18,16,9043,26
11/02/2017,Bury,Swindon,D,0,0,11841,503,275,22,20,8,3,141.195,2,18,18,2713,22
11/02/2017,Fleetwood Town,Rochdale,D,0,0,5327,497,210,4,7,9,5,40.146,5,21.5,21.5,3186,23.5
11/02/2017,Gillingham,Port Vale,D,0,0,11582,697,285,16,18,4,3,163.893,3,12,10,4942,28
11/02/2017,Millwall,Southend,D,0,0,20146,635,333,8,6,9,7,32.704,2,22,23,10323,30
11/02/2017,Northampton,Chesterfield,D,0,0,7653,583,249,16,23,6,4,73.394,7,24,24,5824,24
11/02/2017,Oldham,Coventry,D,0,0,13559,1280,300,21,24,9,0,80.882,4,22,24,3766,24
11/02/2017,Oxford,Milton Keynes Dons,D,0,0,12500,596,290,14,15,12,10,28.696,1,20,21,9179,24
11/02/2017,Peterboro,Sheffield United,D,0,0,15314,1622,295,10,1,6,7,75.653,1,21,20,10258,26
11/02/2017,Scunthorpe,Shrewsbury,D,0,0,9183,438,288,2,19,9,13,105.414,3,18,22,4367,23
14/02/2017,AFC Wimbledon,Coventry,E,1,0,4850,1280,260,15,24,6,1,88.808,10,17,17,4022,29
14/02/2017,Bolton,Rochdale,E,1,0,28723,497,280,2,8,7,2,14.87,6,15,15,13313,30
14/02/2017,Bristol Rvs,Sheffield United,E,1,0,12000,1622,260,10,1,6,8,138.513,7,18,16,9175,26
14/02/2017,Bury,Milton Keynes Dons,E,1,0,11841,596,275,21,15,6,8,126.667,6,18,18,2005,22
14/02/2017,Fleetwood Town,Bradford,E,1,0,5327,1437,210,4,5,9,6,52.134,7,21.5,21.5,3418,23.5
14/02/2017,Gillingham,Chesterfield,E,1,0,11582,583,285,18,23,5,5,154.102,9,12,10,4595,28
14/02/2017,Millwall,Port Vale,E,1,0,20146,697,333,7,19,11,2,141.09,7,22,23,7032,30
14/02/2017,Northampton,Swindon,E,1,0,7653,503,249,16,22,9,0,58.548,8,24,24,5094,24
14/02/2017,Oldham,Charlton,E,1,0,13559,680,300,20,13,9,6,169.591,7,22,24,2946,24
14/02/2017,Oxford,Southend,E,1,0,12500,635,290,12,6,9,10,82.947,7,20,21,7277,24
14/02/2017,Peterboro,Shrewsbury,E,1,0,15314,438,295,10,18,6,10,126,4,21,20,4116,26
14/02/2017,Scunthorpe,Walsall,E,1,0,9183,792,288,3,14,7,6,115,4,18,22,3168,23
18/02/2017,Bradford,Bolton,D,0,0,25136,912,149,5,3,6,8,43,10,25,20,21190,25
18/02/2017,Chesterfield,Bury,D,0,0,10504,608,345,23,21,2,8,100,8,22,20,5582,26
18/02/2017,Coventry,Gillingham,D,0,0,32609,533,299,24,17,4,4,137,7,22,22,8718,26
18/02/2017,Milton Keynes Dons,Fleetwood Town,D,0,0,30500,210,312,15,4,5,9,197,9,22,22,8278,27
18/02/2017,Port Vale,Bristol Rvs,D,0,0,18947,1159,345,20,11,2,7,133,10,22,22,4460,23
18/02/2017,Rochdale,Charlton,D,0,0,10249,680,290,4,11,3,6,137,10,17,22,2842,22
18/02/2017,Sheffield United,Scunthorpe,D,0,0,32702,508,288,1,3,8,5,46,10,20,20,27980,29
18/02/2017,Shrewsbury,AFC Wimbledon,D,0,0,9875,622,285,18,12,10,3,185,11,20,20,5751,22
18/02/2017,Southend,Northampton,D,0,0,12392,843,395,5,16,8,10,103,11,25,22,8425,25
18/02/2017,Swindon,Oldham,D,0,0,15728,729,345,22,19,1,10,178,10,19,19,6773,25
18/02/2017,Walsall,Peterboro,D,0,0,11300,598,253,14,9,8,6,91,8,20,20,4759,25.5
21/02/2017,Charlton,Oxford,E,1,0,26875,1000,175,10,13,3,12,81,11,20,20,9109,35
21/02/2017,Gillingham,AFC Wimbledon,E,1,0,11582,622,285,18,15,4,3,116,11,12,10,4956,28
21/02/2017,Millwall,Chesterfield,E,1,0,20146,583,333,9,22,11,2,153,12,22,23,9005,30
21/02/2017,Peterboro,Southend,E,1,0,15314,635,295,8,7,6,10,117,10,21,20,4597,26
25/02/2017,AFC Wimbledon,Walsall,D,0,0,4850,792,260,14,12,6,7,139,10,17,17,4586,29
25/02/2017,Bristol Rvs,Scunthorpe,D,0,0,12000,508,260,11,3,5,3,209,8,18,16,8784,26
25/02/2017,Charlton,Bury,D,0,0,26875,608,175,13,21,2,10,230,10,20,20,14640,35
25/02/2017,Chesterfield,Oxford,D,0,0,10504,1000,345,24,10,2,12,130,9,22,20,5901,26
25/02/2017,Coventry,Swindon,D,0,0,32609,503,299,23,22,4,4,72,9,22,22,9543,26
25/02/2017,Fleetwood Town,Northampton,D,0,0,5327,843,210,4,15,11,7,182,10,21.5,21.5,3361,23.5
25/02/2017,Gillingham,Southend,D,0,0,11582,635,285,18,5,6,7,131,10,12,10,6542,28
25/02/2017,Milton Keynes Dons,Shrewsbury,D,0,0,30500,438,312,15,17,7,9,113,10,22,22,8322,27
25/02/2017,Oldham,Millwall,D,0,0,13559,827,300,19,7,8,11,97,10,22,24,3856,24
25/02/2017,Peterboro,Rochdale,D,0,0,15314,497,295,9,8,6,3,146,6,21,20,4457,26
25/02/2017,Port Vale,Bradford,D,0,0,18947,1437,345,20,6,2,6,102,10,22,22,4953,23
25/02/2017,Sheffield United,Bolton,D,0,0,32702,912,288,1,2,11,8,58,10,20,20,27165,29
28/02/2017,Bolton,Bristol Rvs,E,1,0,28723,1159,280,4,11,8,5,181,5,15,15,13383,30
28/02/2017,Bradford,Milton Keynes Dons,E,1,0,25136,596,149,5,15,6,5,155,3,25,20,16725,25
28/02/2017,Bury,Coventry,E,1,0,11841,1280,275,19,23,13,4,116,5,18,18,2611,22
28/02/2017,Millwall,Peterboro,E,1,0,20146,598,333,7,8,11,6,97,7,22,23,8032,30
28/02/2017,Northampton,Oldham,E,1,0,7653,729,249,16,20,7,11,150,6,24,24,4686,24
28/02/2017,Scunthorpe,AFC Wimbledon,E,1,0,9183,622,288,3,13,3,8,177,5,18,22,3368,23
28/02/2017,Shrewsbury,Charlton,E,1,0,9875,680,285,18,14,9,1,183,6,20,20,4913,22
28/02/2017,Swindon,Gillingham,E,1,0,15728,533,345,22,17,7,5,134,7,19,19,6133,25
04/03/2017,Bolton,AFC Wimbledon,D,0,0,28723,622,280,4,12,8,8,235,9,15,15,13599,30
04/03/2017,Bradford,Peterboro,D,0,0,25136,598,149,5,9,6,6,125,11,25,20,17220,25
04/03/2017,Bury,Gillingham,D,0,0,11841,533,275,18,19,13,5,94,9,18,18,3203,22
04/03/2017,Millwall,Milton Keynes Dons,D,0,0,20146,596,333,6,15,11,5,59,12,22,23,9636,30
04/03/2017,Northampton,Charlton,D,0,0,7653,680,249,17,14,7,1,88,11,24,24,7118,24
04/03/2017,Oxford,Bristol Rvs,D,0,0,12500,1159,290,11,13,12,5,74,10,20,21,9862,24
04/03/2017,Rochdale,Sheffield United,D,0,0,10249,1622,290,8,1,3,11,64,9,17,22,6214,22
04/03/2017,Scunthorpe,Fleetwood Town,D,0,0,9183,210,288,4,3,6,11,141,11,18,22,5541,23
04/03/2017,Shrewsbury,Coventry,D,0,0,9875,1280,285,16,23,9,4,65,9,20,20,6205,22
04/03/2017,Southend,Port Vale,D,0,0,12392,697,395,7,22,7,2,115,10,25,22,7545,25
04/03/2017,Swindon,Chesterfield,D,0,0,15728,583,345,21,24,7,2,158,10,19,19,6691,25
04/03/2017,Walsall,Oldham,D,0,0,11300,729,253,12,20,7,11,87,10,20,20,6003,25.5
07/03/2017,Charlton,Scunthorpe,E,1,0,26875,508,175,11,1,1,3,133,7,20,20,9088,35
07/03/2017,Oxford,Sheffield United,E,1,0,12500,1622,290,14,3,9,9,140,8,20,21,8965,24
07/03/2017,Walsall,Chesterfield,E,1,0,11300,583,253,13,24,7,5,61,8,20,20,3963,25.5
11/03/2017,AFC Wimbledon,Northampton,D,0,0,4850,843,260,11,16,8,7,74,16,17,17,4512,29
11/03/2017,Bristol Rvs,Southend,D,0,0,12000,635,260,10,7,7,8,97,12,18,16,9274,26
11/03/2017,Charlton,Walsall,D,0,0,26875,792,175,14,9,3,10,66,9,20,20,9900,35
11/03/2017,Chesterfield,Shrewsbury,D,0,0,10504,438,345,23,18,4,4,109,12,22,20,6317,26
11/03/2017,Coventry,Bradford,D,0,0,32609,1437,299,24,5,5,11,126,13,22,22,9150,26
11/03/2017,Fleetwood Town,Bolton,D,0,0,5327,912,210,2,3,13,6,45,12,21.5,21.5,5123,23.5
11/03/2017,Gillingham,Scunthorpe,D,0,0,11582,508,285,17,4,7,2,198,13,12,10,6851,28
11/03/2017,Milton Keynes Dons,Rochdale,D,0,0,30500,497,312,15,8,8,3,168,10,22,22,10569,27
11/03/2017,Oldham,Bury,D,0,0,13559,608,300,20,19,8,10,167,13,22,24,5776,24
11/03/2017,Peterboro,Oxford,D,0,0,15314,1000,295,13,12,3,6,86,11,21,20,5469,26
11/03/2017,Port Vale,Swindon,D,0,0,18947,503,345,22,21,5,7,127,13,22,22,4510,23
14/03/2017,AFC Wimbledon,Milton Keynes Dons,E,1,0,4850,596,260,16,12,8,5,62,12,17,17,4112,29
14/03/2017,Bury,Bristol Rvs,E,1,0,11841,1159,275,19,9,10,9,110,10,18,18,2535,22
14/03/2017,Charlton,Bradford,E,1,0,26875,1437,175,14,4,4,11,212,12,20,20,9326,35
14/03/2017,Chesterfield,Peterboro,E,1,0,10504,598,345,23,13,5,3,82,11,22,20,5048,26
14/03/2017,Coventry,Southend,E,1,0,32609,635,299,24,7,4,5,75,12,22,22,7646,26
14/03/2017,Gillingham,Bolton,E,1,0,11582,912,285,17,2,10,6,252,11,12,10,5199,28
14/03/2017,Northampton,Port Vale,E,1,0,7653,697,249,15,21,7,5,148,10,24,24,4812,24
14/03/2017,Oldham,Oxford,E,1,0,13559,1000,300,20,11,6,9,173,10,22,24,3124,24
14/03/2017,Scunthorpe,Rochdale,E,1,0,9183,497,288,5,8,1,3,82,10,18,22,3225,23
14/03/2017,Swindon,Sheffield United,E,1,0,15728,1622,345,22,1,7,9,176,10,19,19,7012,25
14/03/2017,Walsall,Fleetwood Town,E,1,0,11300,210,253,10,3,10,12,121,12,20,20,3890,25.5
17/03/2017,Port Vale,Shrewsbury,E,1,0,18947,438,345,19,21,4,8,41,9,22,22,4626,23
18/03/2017,Bolton,Northampton,D,0,0,28723,843,280,2,14,8,9,148,11,15,15,14255,30
18/03/2017,Bradford,Swindon,D,0,0,25136,503,149,5,22,11,6,205,11,25,20,17916,25
18/03/2017,Bristol Rvs,Chesterfield,D,0,0,12000,583,260,9,23,8,5,167,9,18,16,8524,26
18/03/2017,Fleetwood Town,AFC Wimbledon,D,0,0,5327,622,210,3,10,12,10,270,10,21.5,21.5,2802,23.5
18/03/2017,Millwall,Bury,D,0,0,20146,608,333,6,18,11,10,228,14,22,23,9049,30
18/03/2017,Milton Keynes Dons,Coventry,D,0,0,30500,1280,312,16,24,5,1,59,14,22,22,9060,27
18/03/2017,Oxford,Scunthorpe,D,0,0,12500,508,290,12,4,6,4,177,13,20,21,7652,24
18/03/2017,Peterboro,Oldham,D,0,0,15314,729,295,13,20,4,8,147,11,21,20,4222,26
18/03/2017,Rochdale,Gillingham,D,0,0,10249,533,290,8,17,3,9,263,11,17,22,2582,22
18/03/2017,Sheffield United,Charlton,D,0,0,32702,680,288,1,15,11,5,187,11,20,20,23308,29
18/03/2017,Southend,Walsall,D,0,0,12392,792,395,7,11,7,7,103,15,25,22,6756,25
21/03/2017,Coventry,Port Vale,E,1,0,32609,697,299,23,15,1,7,70,5,22,22,7696,26
21/03/2017,Oxford,Bolton,E,1,0,12500,912,290,12,2,6,11,171,5,20,21,7146,24
21/03/2017,Rochdale,Millwall,E,1,0,10249,827,290,8,7,5,9,246,5,17,22,2334,22
25/03/2017,AFC Wimbledon,Southend,D,0,0,4850,635,260,11,7,8,7,44,14,17,17,4803,29
25/03/2017,Bury,Fleetwood Town,D,0,0,11841,210,275,17,3,8,10,54,15,18,18,4174,22
25/03/2017,Chesterfield,Rochdale,D,0,0,10504,497,345,23,8,5,6,85,12,22,20,5927,26
25/03/2017,Coventry,Bristol Rvs,D,0,0,32609,1159,299,24,9,9,10,93,13,22,22,11946,26
25/03/2017,Gillingham,Peterboro,D,0,0,11582,598,285,18,13,6,2,114,15,12,10,7561,28
25/03/2017,Northampton,Oxford,D,0,0,7653,1000,249,14,10,9,6,43,11,24,24,7434,24
25/03/2017,Oldham,Sheffield United,D,0,0,13559,1622,300,19,1,8,13,39,17,22,24,8448,24
25/03/2017,Port Vale,Milton Keynes Dons,D,0,0,18947,596,345,17,15,7,5,116,17,22,22,3887,23
25/03/2017,Shrewsbury,Bolton,D,0,0,9875,912,285,20,2,5,13,82,15,20,20,7532,22
25/03/2017,Swindon,Millwall,D,0,0,15728,827,345,22,6,3,9,85,14,19,19,7038,25
26/03/2017,Scunthorpe,Bradford,D,0,0,9183,1437,288,5,4,3,11,61,12,18,22,5247,23
28/03/2017,AFC Wimbledon,Rochdale,E,1,0,4850,497,260,12,6,5,8,229,12,17,17,3812,29
28/03/2017,Oxford,Bury,E,1,0,12500,608,290,10,17,7,6,170,12,20,21,6552,24
28/03/2017,Sheffield United,Millwall,E,1,0,32702,827,288,1,6,11,8,190,12,20,20,20832,29
01/04/2017,Bolton,Chesterfield,D,0,0,28723,583,280,2,23,15,2,59,12,15,15,23376,30
01/04/2017,Bradford,Walsall,D,0,0,25136,792,149,5,13,10,7,118,10,25,20,17880,25
01/04/2017,Bristol Rvs,Shrewsbury,D,0,0,12000,438,260,9,21,9,5,113,12,18,16,9498,26
01/04/2017,Fleetwood Town,Swindon,D,0,0,5327,503,210,3,22,8,3,209,10,21.5,21.5,3128,23.5
01/04/2017,Millwall,Scunthorpe,D,0,0,20146,508,333,7,4,7,6,180,16,22,23,9789,30
01/04/2017,Milton Keynes Dons,Gillingham,D,0,0,30500,533,312,14,19,7,6,95,14,22,22,8807,27
01/04/2017,Peterboro,Charlton,D,0,0,15314,680,295,11,16,5,5,95,9,21,20,5482,26
01/04/2017,Port Vale,AFC Wimbledon,D,0,0,18947,622,345,20,12,10,7,189,12,22,22,4308,23
01/04/2017,Rochdale,Northampton,D,0,0,10249,843,290,8,15,7,7,160,12,17,22,2939,22
01/04/2017,Southend,Oldham,D,0,0,12392,729,395,6,18,10,6,189,16,25,22,7617,25
04/04/2017,Charlton,Milton Keynes Dons,E,1,0,26875,596,175,16,15,2,8,89,11,20,20,10943,35
04/04/2017,Rochdale,Port Vale,E,1,0,10249,697,290,10,21,8,7,58,10,17,22,4387,22
04/04/2017,Shrewsbury,Millwall,E,1,0,9875,827,285,18,6,2,5,166,8,20,20,4712,22
04/04/2017,Southend,Bolton,E,1,0,12392,912,395,7,2,12,13,188,11,25,22,9340,25
05/04/2017,Oxford,Fleetwood Town,E,1,0,12500,210,290,9,4,7,5,204,10,20,21,6728,24
05/04/2017,Sheffield United,Coventry,E,1,0,32702,1280,288,1,24,13,4,91,9,20,20,24334,29
08/04/2017,AFC Wimbledon,Bristol Rvs,D,0,0,4850,1159,260,13,9,7,9,123,20,17,17,4742,29
08/04/2017,Bury,Bradford,D,0,0,11841,1437,275,18,4,6,10,40,17,18,18,5268,22
08/04/2017,Charlton,Southend,D,0,0,26875,635,175,17,6,2,12,106,20,20,20,11730,35
08/04/2017,Chesterfield,Port Vale,D,0,0,10504,697,345,23,16,3,4,41,17,22,20,5527,26
08/04/2017,Coventry,Peterboro,D,0,0,32609,598,299,24,11,3,8,66,17,22,22,10551,26
08/04/2017,Gillingham,Millwall,D,0,0,11582,827,285,20,7,3,7,32,19,12,10,7221,28
08/04/2017,Northampton,Sheffield United,D,0,0,7653,1622,249,15,1,6,13,103,18,24,24,7425,24
08/04/2017,Oldham,Fleetwood Town,D,0,0,13559,210,300,19,3,8,8,59,18,22,24,3933,24
08/04/2017,Scunthorpe,Bolton,D,0,0,9183,912,288,5,2,6,13,100,18,18,22,6149,23
08/04/2017,Shrewsbury,Rochdale,D,0,0,9875,497,285,21,8,1,8,99,18,20,20,4500,22
08/04/2017,Swindon,Milton Keynes Dons,D,0,0,15728,596,345,22,12,6,10,35,19,19,19,7946,25
08/04/2017,Walsall,Oxford,D,0,0,11300,1000,253,14,10,4,10,84,18,20,20,5417,25.5
13/04/2017,Bury,Rochdale,E,1,0,11841,497,275,19,9,5,7,101,8,18,18,4850,22
14/04/2017,Bradford,Oxford,E,1,1,25136,1000,149,4,10,10,8,178,9,25,20,19346,25
14/04/2017,Chesterfield,Southend,E,1,1,10504,635,345,23,7,5,9,146,12,22,20,5529,26
14/04/2017,Coventry,Charlton,E,1,1,32609,680,299,24,16,6,4,39,11,22,22,9479,26
14/04/2017,Gillingham,Bristol Rvs,E,1,1,11582,1159,285,21,8,1,9,175,14,12,10,5916,28
14/04/2017,Millwall,Northampton,E,1,1,20146,843,333,6,15,7,5,71,14,22,23,10886,30
14/04/2017,Milton Keynes Dons,Scunthorpe,E,1,1,30500,508,312,12,5,10,9,119,13,22,22,9274,27
14/04/2017,Peterboro,Fleetwood Town,E,1,1,15314,210,295,11,3,5,5,170,11,21,20,5629,26
14/04/2017,Port Vale,Sheffield United,E,1,1,18947,1622,345,18,1,4,13,47,13,22,22,8999,23
14/04/2017,Shrewsbury,Walsall,E,1,1,9875,792,285,20,14,3,2,47,13,20,20,4116,22
14/04/2017,Swindon,AFC Wimbledon,E,1,1,15728,622,345,22,13,7,4,77,13,19,19,7716,25
15/04/2017,Oldham,Bolton,D,0,1,13559,912,300,17,2,8,10,16,10,22,24,8788,24
17/04/2017,AFC Wimbledon,Peterboro,E,1,1,4850,598,260,13,11,2,7,90,10,17,17,4294,29
17/04/2017,Bristol Rvs,Oldham,E,1,1,12000,729,260,9,17,9,8,157,12,18,16,9083,26
17/04/2017,Charlton,Gillingham,E,1,1,26875,533,175,15,18,4,4,100,10,20,20,12449,35
17/04/2017,Fleetwood Town,Millwall,E,1,1,5327,827,210,3,6,7,10,234,10,21.5,21.5,3665,23.5
17/04/2017,Northampton,Shrewsbury,E,1,1,7653,438,249,16,20,2,4,93,8,24,24,6211,24
17/04/2017,Oxford,Port Vale,E,1,1,12500,697,290,10,19,8,1,108,11,20,21,7646,24
17/04/2017,Rochdale,Coventry,E,1,1,10249,1280,290,8,24,7,7,100,9,17,22,3202,22
17/04/2017,Scunthorpe,Chesterfield,E,1,1,9183,583,288,5,23,9,4,49,11,18,22,4636,23
17/04/2017,Sheffield United,Bradford,E,1,1,32702,1437,288,1,4,13,12,36,9,20,20,26838,29
17/04/2017,Southend,Milton Keynes Dons,E,1,1,12392,596,395,7,12,12,8,86,9,25,22,9009,25
17/04/2017,Walsall,Swindon,E,1,1,11300,503,253,14,22,2,8,80,9,20,20,5196,25.5
18/04/2017,Bolton,Bury,E,1,0,28723,608,280,2,21,7,2,23,9,15,15,18223,30
22/04/2017,Bradford,AFC Wimbledon,D,0,0,25136,622,149,5,14,5,5,199,5,25,20,18615,25
22/04/2017,Bury,Northampton,D,0,0,11841,843,275,21,16,2,3,149,12,18,18,5190,22
22/04/2017,Chesterfield,Charlton,D,0,0,10504,680,345,23,15,4,7,105,12,22,20,5657,26
22/04/2017,Coventry,Walsall,D,0,0,32609,792,299,24,13,7,5,31,14,22,22,9284,26
22/04/2017,Gillingham,Fleetwood Town,D,0,0,11582,210,285,18,3,4,9,311,16,12,10,8760,28
22/04/2017,Millwall,Oxford,D,0,0,20146,1000,333,6,10,10,8,202,14,22,23,12533,30
22/04/2017,Milton Keynes Dons,Sheffield United,D,0,0,30500,1622,312,12,1,10,15,119,14,22,22,18180,27
22/04/2017,Oldham,Rochdale,D,0,0,13559,497,300,17,8,7,10,7,11,22,24,6865,24
22/04/2017,Peterboro,Bristol Rvs,D,0,0,15314,1159,295,11,9,7,9,159,9,21,20,5498,26
22/04/2017,Port Vale,Bolton,D,0,0,18947,912,345,20,2,3,7,58,13,22,22,8890,23
22/04/2017,Shrewsbury,Southend,D,0,0,9875,635,285,19,7,5,6,114,12,20,20,7341,22
22/04/2017,Swindon,Scunthorpe,D,0,0,15728,508,345,22,4,8,12,203,15,19,19,7579,25
25/04/2017,Walsall,Port Vale,E,1,0,11300,697,253,12,21,5,0,40,4,20,20,4266,25.5
30/04/2017,AFC Wimbledon,Oldham,D,0,0,4850,729,260,15,17,2,7,224,16,17,17,4867,29
30/04/2017,Bolton,Peterboro,D,0,0,28723,598,280,2,11,7,7,158,15,15,15,22590,30
30/04/2017,Bristol Rvs,Millwall,D,0,0,12000,827,260,10,6,9,7,124,14,18,16,11750,26
30/04/2017,Charlton,Swindon,D,0,0,26875,503,175,14,22,7,5,49,16,20,20,11932,35
30/04/2017,Fleetwood Town,Port Vale,D,0,0,5327,697,210,3,21,12,3,87,17,21.5,21.5,4733,23.5
30/04/2017,Northampton,Gillingham,D,0,0,7653,533,249,16,20,2,4,107,16,24,24,7034,24
30/04/2017,Oxford,Shrewsbury,D,0,0,12500,438,290,9,18,10,8,107,15,20,21,9287,24
30/04/2017,Rochdale,Bradford,D,0,0,10249,1437,290,8,5,10,12,30,16,17,22,6876,22
30/04/2017,Scunthorpe,Coventry,D,0,0,9183,1280,288,4,23,12,7,118,13,18,22,5796,23
30/04/2017,Sheffield United,Chesterfield,D,0,0,32702,583,288,1,24,15,4,13,16,20,20,31003,29
30/04/2017,Southend,Bury,D,0,0,12392,608,395,7,19,3,4,195,16,25,22,9245,25
30/04/2017,Walsall,Milton Keynes Dons,D,0,0,11300,596,253,13,12,2,7,76,17,20,20,5004,25.5